OBJECTID,device_type,document_type,version,category,file_url
1,Other,,,Website PDFs,https://westonsolutions.sharepoint.com/sites/Testing/Shared%20Documents/ExB%20Link%20Testing/Website%20PDFs/Other
2,Device,,,Website PDFs,https://westonsolutions.sharepoint.com/sites/Testing/Shared%20Documents/ExB%20Link%20Testing/Website%20PDFs/Device
3,ERT Methods,,,Website PDFs,https://westonsolutions.sharepoint.com/sites/Testing/Shared%20Documents/ExB%20Link%20Testing/Website%20PDFs/ERT%20Methods
4,Methods,,,Website PDFs,https://westonsolutions.sharepoint.com/sites/Testing/Shared%20Documents/ExB%20Link%20Testing/Website%20PDFs/Methods
5,HazCat,,,Website PDFs,https://westonsolutions.sharepoint.com/sites/Testing/Shared%20Documents/ExB%20Link%20Testing/Website%20PDFs/HazCat
6,Viper,,,Website PDFs,https://westonsolutions.sharepoint.com/sites/Testing/Shared%20Documents/ExB%20Link%20Testing/Website%20PDFs/Viper
7,EPA,Method TO-17,v1,Methods,https://westonsolutions.sharepoint.com/sites/Testing/Shared%20Documents/ExB%20Link%20Testing/Website%20PDFs/Methods/EPA_Method%20TO-17_v1.0.pdf
8,EPA,Method TO-13A,v1,Methods,https://westonsolutions.sharepoint.com/sites/Testing/Shared%20Documents/ExB%20Link%20Testing/Website%20PDFs/Methods/EPA_Method%20TO-13A_v1.0.pdf
9,EPA,Method TO-15,v1,Methods,https://westonsolutions.sharepoint.com/sites/Testing/Shared%20Documents/ExB%20Link%20Testing/Website%20PDFs/Methods/EPA_Method%20TO-15_v1.0.pdf
10,EPA,Method TO-4A,v1,Methods,https://westonsolutions.sharepoint.com/sites/Testing/Shared%20Documents/ExB%20Link%20Testing/Website%20PDFs/Methods/EPA_Method%20TO-4A_v1.0.pdf
11,EPA,TO-10A,v1,Methods,https://westonsolutions.sharepoint.com/sites/Testing/Shared%20Documents/ExB%20Link%20Testing/Website%20PDFs/Methods/EPA_TO-10A_v1.0.pdf
12,EPA,TO-9A,v1,Methods,https://westonsolutions.sharepoint.com/sites/Testing/Shared%20Documents/ExB%20Link%20Testing/Website%20PDFs/Methods/EPA_TO-9A_v1.0.pdf
13,NIOSH,1003 Hydrocarbons Halogenated,v1,Methods,https://westonsolutions.sharepoint.com/sites/Testing/Shared%20Documents/ExB%20Link%20Testing/Website%20PDFs/Methods/NIOSH_1003%20Hydrocarbons%20Halogenated_v1.0.pdf
14,NIOSH,1005 Methylene Chloride,v1,Methods,https://westonsolutions.sharepoint.com/sites/Testing/Shared%20Documents/ExB%20Link%20Testing/Website%20PDFs/Methods/NIOSH_1005%20Methylene%20Chloride_v1.0.pdf
15,NIOSH,1007 Vinyl Chloride,v1,Methods,https://westonsolutions.sharepoint.com/sites/Testing/Shared%20Documents/ExB%20Link%20Testing/Website%20PDFs/Methods/NIOSH_1007%20Vinyl%20Chloride_v1.0.pdf
16,NIOSH,"1020 1,1,2-Trichloro-1,2,2-Trifluoroethane",v1,Methods,"https://westonsolutions.sharepoint.com/sites/Testing/Shared%20Documents/ExB%20Link%20Testing/Website%20PDFs/Methods/NIOSH_1020%201,1,2-Trichloro-1,2,2-Trifluoroethane_v1.0.pdf"
17,NIOSH,1016,v1,Methods,https://westonsolutions.sharepoint.com/sites/Testing/Shared%20Documents/ExB%20Link%20Testing/Website%20PDFs/Methods/NIOSH_1016_v1.0.pdf
18,NIOSH,1022 Trichloroethylene,v1,Methods,https://westonsolutions.sharepoint.com/sites/Testing/Shared%20Documents/ExB%20Link%20Testing/Website%20PDFs/Methods/NIOSH_1022%20Trichloroethylene_v1.0.pdf
19,NIOSH,1300,v1,Methods,https://westonsolutions.sharepoint.com/sites/Testing/Shared%20Documents/ExB%20Link%20Testing/Website%20PDFs/Methods/NIOSH_1300_v1.0.pdf
20,NIOSH,1024,v1,Methods,https://westonsolutions.sharepoint.com/sites/Testing/Shared%20Documents/ExB%20Link%20Testing/Website%20PDFs/Methods/NIOSH_1024_v1.0.pdf
21,NIOSH,1400 Alcohols,v1,Methods,https://westonsolutions.sharepoint.com/sites/Testing/Shared%20Documents/ExB%20Link%20Testing/Website%20PDFs/Methods/NIOSH_1400%20Alcohols_v1.0.pdf
22,NIOSH,"1500 Hydrocarbons, BP 36-216 C",v1,Methods,"https://westonsolutions.sharepoint.com/sites/Testing/Shared%20Documents/ExB%20Link%20Testing/Website%20PDFs/Methods/NIOSH_1500%20Hydrocarbons,%20BP%2036-216%20C_v1.0.pdf"
23,NIOSH,"1501 Hydrocarbons, Aromatic",v1,Methods,"https://westonsolutions.sharepoint.com/sites/Testing/Shared%20Documents/ExB%20Link%20Testing/Website%20PDFs/Methods/NIOSH_1501%20Hydrocarbons,%20Aromatic_v1.0.pdf"
24,NIOSH,1550 Naphthas,v1,Methods,https://westonsolutions.sharepoint.com/sites/Testing/Shared%20Documents/ExB%20Link%20Testing/Website%20PDFs/Methods/NIOSH_1550%20Naphthas_v1.0.pdf
25,NIOSH,1603 Acetic Acid,v1,Methods,https://westonsolutions.sharepoint.com/sites/Testing/Shared%20Documents/ExB%20Link%20Testing/Website%20PDFs/Methods/NIOSH_1603%20Acetic%20Acid_v1.0.pdf
26,NIOSH,1604,v1,Methods,https://westonsolutions.sharepoint.com/sites/Testing/Shared%20Documents/ExB%20Link%20Testing/Website%20PDFs/Methods/NIOSH_1604_v1.0.pdf
27,NIOSH,1610,v1,Methods,https://westonsolutions.sharepoint.com/sites/Testing/Shared%20Documents/ExB%20Link%20Testing/Website%20PDFs/Methods/NIOSH_1610_v1.0.pdf
28,NIOSH,2000,v1,Methods,https://westonsolutions.sharepoint.com/sites/Testing/Shared%20Documents/ExB%20Link%20Testing/Website%20PDFs/Methods/NIOSH_2000_v1.0.pdf
29,NIOSH,2016,v1,Methods,https://westonsolutions.sharepoint.com/sites/Testing/Shared%20Documents/ExB%20Link%20Testing/Website%20PDFs/Methods/NIOSH_2016_v1.0.pdf
30,NIOSH,2500,v1,Methods,https://westonsolutions.sharepoint.com/sites/Testing/Shared%20Documents/ExB%20Link%20Testing/Website%20PDFs/Methods/NIOSH_2500_v1.0.pdf
31,NIOSH,2538,v1,Methods,https://westonsolutions.sharepoint.com/sites/Testing/Shared%20Documents/ExB%20Link%20Testing/Website%20PDFs/Methods/NIOSH_2538_v1.0.pdf
32,NIOSH,"2542 Mercaptans, Methyl-, Ethyl-, and n-Butyl",v1,Methods,"https://westonsolutions.sharepoint.com/sites/Testing/Shared%20Documents/ExB%20Link%20Testing/Website%20PDFs/Methods/NIOSH_2542%20Mercaptans,%20Methyl-,%20Ethyl-,%20and%20n-Butyl_v1.0.pdf"
33,NIOSH,3503,v1,Methods,https://westonsolutions.sharepoint.com/sites/Testing/Shared%20Documents/ExB%20Link%20Testing/Website%20PDFs/Methods/NIOSH_3503_v1.0.pdf
34,NIOSH,5022,v1,Methods,https://westonsolutions.sharepoint.com/sites/Testing/Shared%20Documents/ExB%20Link%20Testing/Website%20PDFs/Methods/NIOSH_5022_v1.0.pdf
35,NIOSH,5510,v1,Methods,https://westonsolutions.sharepoint.com/sites/Testing/Shared%20Documents/ExB%20Link%20Testing/Website%20PDFs/Methods/NIOSH_5510_v1.0.pdf
36,NIOSH,5512,v1,Methods,https://westonsolutions.sharepoint.com/sites/Testing/Shared%20Documents/ExB%20Link%20Testing/Website%20PDFs/Methods/NIOSH_5512_v1.0.pdf
37,NIOSH,6001 Arsine,v1,Methods,https://westonsolutions.sharepoint.com/sites/Testing/Shared%20Documents/ExB%20Link%20Testing/Website%20PDFs/Methods/NIOSH_6001%20Arsine_v1.0.pdf
38,NIOSH,6005,v1,Methods,https://westonsolutions.sharepoint.com/sites/Testing/Shared%20Documents/ExB%20Link%20Testing/Website%20PDFs/Methods/NIOSH_6005_v1.0.pdf
39,NIOSH,6009 Mercury,v1,Methods,https://westonsolutions.sharepoint.com/sites/Testing/Shared%20Documents/ExB%20Link%20Testing/Website%20PDFs/Methods/NIOSH_6009%20Mercury_v1.0.pdf
40,NIOSH,6010 Hydrogen Cyanide,v1,Methods,https://westonsolutions.sharepoint.com/sites/Testing/Shared%20Documents/ExB%20Link%20Testing/Website%20PDFs/Methods/NIOSH_6010%20Hydrogen%20Cyanide_v1.0.pdf
41,NIOSH,6015 Ammonia,v1,Methods,https://westonsolutions.sharepoint.com/sites/Testing/Shared%20Documents/ExB%20Link%20Testing/Website%20PDFs/Methods/NIOSH_6015%20Ammonia_v1.0.pdf
42,NIOSH,"7056 Barium, soluble compounds",v1,Methods,"https://westonsolutions.sharepoint.com/sites/Testing/Shared%20Documents/ExB%20Link%20Testing/Website%20PDFs/Methods/NIOSH_7056%20Barium,%20soluble%20compounds_v1.0.pdf"
43,NIOSH,6600,v1,Methods,https://westonsolutions.sharepoint.com/sites/Testing/Shared%20Documents/ExB%20Link%20Testing/Website%20PDFs/Methods/NIOSH_6600_v1.0.pdf
44,NIOSH,7300,v1,Methods,https://westonsolutions.sharepoint.com/sites/Testing/Shared%20Documents/ExB%20Link%20Testing/Website%20PDFs/Methods/NIOSH_7300_v1.0.pdf
45,NIOSH,7301,v1,Methods,https://westonsolutions.sharepoint.com/sites/Testing/Shared%20Documents/ExB%20Link%20Testing/Website%20PDFs/Methods/NIOSH_7301_v1.0.pdf
46,NIOSH,7303,v1,Methods,https://westonsolutions.sharepoint.com/sites/Testing/Shared%20Documents/ExB%20Link%20Testing/Website%20PDFs/Methods/NIOSH_7303_v1.0.pdf
47,NIOSH,7401,v1,Methods,https://westonsolutions.sharepoint.com/sites/Testing/Shared%20Documents/ExB%20Link%20Testing/Website%20PDFs/Methods/NIOSH_7401_v1.0.pdf
48,NIOSH,7400,v1,Methods,https://westonsolutions.sharepoint.com/sites/Testing/Shared%20Documents/ExB%20Link%20Testing/Website%20PDFs/Methods/NIOSH_7400_v1.0.pdf
49,NIOSH,7400 Asbestos and Other Fibers by PCM,v1,Methods,https://westonsolutions.sharepoint.com/sites/Testing/Shared%20Documents/ExB%20Link%20Testing/Website%20PDFs/Methods/NIOSH_7400%20Asbestos%20and%20Other%20Fibers%20by%20PCM_v1.0.pdf
50,NIOSH,7900 Arsenic and Compounds as As,v1,Methods,https://westonsolutions.sharepoint.com/sites/Testing/Shared%20Documents/ExB%20Link%20Testing/Website%20PDFs/Methods/NIOSH_7900%20Arsenic%20and%20Compounds%20as%20As_v1.0.pdf
51,NIOSH,7402,v1,Methods,https://westonsolutions.sharepoint.com/sites/Testing/Shared%20Documents/ExB%20Link%20Testing/Website%20PDFs/Methods/NIOSH_7402_v1.0.pdf
52,NIOSH,Method 0500,v1,Methods,https://westonsolutions.sharepoint.com/sites/Testing/Shared%20Documents/ExB%20Link%20Testing/Website%20PDFs/Methods/NIOSH_Method%200500_v1.0.pdf
53,NIOSH,Method 1459,v1,Methods,https://westonsolutions.sharepoint.com/sites/Testing/Shared%20Documents/ExB%20Link%20Testing/Website%20PDFs/Methods/NIOSH_Method%201459_v1.0.pdf
54,NIOSH,Method 5023,v1,Methods,https://westonsolutions.sharepoint.com/sites/Testing/Shared%20Documents/ExB%20Link%20Testing/Website%20PDFs/Methods/NIOSH_Method%205023_v1.0.pdf
55,NIOSH,Method 2552,v1,Methods,https://westonsolutions.sharepoint.com/sites/Testing/Shared%20Documents/ExB%20Link%20Testing/Website%20PDFs/Methods/NIOSH_Method%202552_v1.0.pdf
56,NIOSH,Method 5503,v1,Methods,https://westonsolutions.sharepoint.com/sites/Testing/Shared%20Documents/ExB%20Link%20Testing/Website%20PDFs/Methods/NIOSH_Method%205503_v1.0.pdf
57,NIOSH,Method 5506,v1,Methods,https://westonsolutions.sharepoint.com/sites/Testing/Shared%20Documents/ExB%20Link%20Testing/Website%20PDFs/Methods/NIOSH_Method%205506_v1.0.pdf
58,NIOSH,Method 6002,v1,Methods,https://westonsolutions.sharepoint.com/sites/Testing/Shared%20Documents/ExB%20Link%20Testing/Website%20PDFs/Methods/NIOSH_Method%206002_v1.0.pdf
59,NIOSH,Method 6004,v1,Methods,https://westonsolutions.sharepoint.com/sites/Testing/Shared%20Documents/ExB%20Link%20Testing/Website%20PDFs/Methods/NIOSH_Method%206004_v1.0.pdf
60,NIOSH,Method 6011,v1,Methods,https://westonsolutions.sharepoint.com/sites/Testing/Shared%20Documents/ExB%20Link%20Testing/Website%20PDFs/Methods/NIOSH_Method%206011_v1.0.pdf
61,NIOSH,Method 6014,v1,Methods,https://westonsolutions.sharepoint.com/sites/Testing/Shared%20Documents/ExB%20Link%20Testing/Website%20PDFs/Methods/NIOSH_Method%206014_v1.0.pdf
62,NIOSH,Method 7024,v1,Methods,https://westonsolutions.sharepoint.com/sites/Testing/Shared%20Documents/ExB%20Link%20Testing/Website%20PDFs/Methods/NIOSH_Method%207024_v1.0.pdf
63,NIOSH,Method 7029,v1,Methods,https://westonsolutions.sharepoint.com/sites/Testing/Shared%20Documents/ExB%20Link%20Testing/Website%20PDFs/Methods/NIOSH_Method%207029_v1.0.pdf
64,NIOSH,Method 7048,v1,Methods,https://westonsolutions.sharepoint.com/sites/Testing/Shared%20Documents/ExB%20Link%20Testing/Website%20PDFs/Methods/NIOSH_Method%207048_v1.0.pdf
65,NIOSH,Method 7605,v1,Methods,https://westonsolutions.sharepoint.com/sites/Testing/Shared%20Documents/ExB%20Link%20Testing/Website%20PDFs/Methods/NIOSH_Method%207605_v1.0.pdf
66,NIOSH,Method 7904,v1,Methods,https://westonsolutions.sharepoint.com/sites/Testing/Shared%20Documents/ExB%20Link%20Testing/Website%20PDFs/Methods/NIOSH_Method%207904_v1.0.pdf
67,NIOSH,Method 7905,v1,Methods,https://westonsolutions.sharepoint.com/sites/Testing/Shared%20Documents/ExB%20Link%20Testing/Website%20PDFs/Methods/NIOSH_Method%207905_v1.0.pdf
68,NIOSH,Method 7906,v1,Methods,https://westonsolutions.sharepoint.com/sites/Testing/Shared%20Documents/ExB%20Link%20Testing/Website%20PDFs/Methods/NIOSH_Method%207906_v1.0.pdf
69,NIOSH,Method 7908,v1,Methods,https://westonsolutions.sharepoint.com/sites/Testing/Shared%20Documents/ExB%20Link%20Testing/Website%20PDFs/Methods/NIOSH_Method%207908_v1.0.pdf
70,NIOSH,Method 7907,v1,Methods,https://westonsolutions.sharepoint.com/sites/Testing/Shared%20Documents/ExB%20Link%20Testing/Website%20PDFs/Methods/NIOSH_Method%207907_v1.0.pdf
71,OSHA,05 Chloroform,v1,Methods,https://westonsolutions.sharepoint.com/sites/Testing/Shared%20Documents/ExB%20Link%20Testing/Website%20PDFs/Methods/OSHA_05%20Chloroform_v1.0.pdf
72,OSHA,1008,v1,Methods,https://westonsolutions.sharepoint.com/sites/Testing/Shared%20Documents/ExB%20Link%20Testing/Website%20PDFs/Methods/OSHA_1008_v1.0.pdf
73,OSHA,1005 Benzene,v1,Methods,https://westonsolutions.sharepoint.com/sites/Testing/Shared%20Documents/ExB%20Link%20Testing/Website%20PDFs/Methods/OSHA_1005%20Benzene_v1.0.pdf
74,OSHA,1019,v1,Methods,https://westonsolutions.sharepoint.com/sites/Testing/Shared%20Documents/ExB%20Link%20Testing/Website%20PDFs/Methods/OSHA_1019_v1.0.pdf
75,OSHA,121 Metals and Metalloid Particulates,v1,Methods,https://westonsolutions.sharepoint.com/sites/Testing/Shared%20Documents/ExB%20Link%20Testing/Website%20PDFs/Methods/OSHA_121%20Metals%20and%20Metalloid%20Particulates_v1.0.pdf
76,OSHA,188 Ammonia,v1,Methods,https://westonsolutions.sharepoint.com/sites/Testing/Shared%20Documents/ExB%20Link%20Testing/Website%20PDFs/Methods/OSHA_188%20Ammonia_v1.0.pdf
77,OSHA,34 Dimethylamine,v1,Methods,https://westonsolutions.sharepoint.com/sites/Testing/Shared%20Documents/ExB%20Link%20Testing/Website%20PDFs/Methods/OSHA_34%20Dimethylamine_v1.0.pdf
78,OSHA,52 Acrolein (Formaldehyde),v1,Methods,https://westonsolutions.sharepoint.com/sites/Testing/Shared%20Documents/ExB%20Link%20Testing/Website%20PDFs/Methods/OSHA_52%20Acrolein%20(Formaldehyde)_v1.0.pdf
79,OSHA,54 Methyl Isocyanate,v1,Methods,https://westonsolutions.sharepoint.com/sites/Testing/Shared%20Documents/ExB%20Link%20Testing/Website%20PDFs/Methods/OSHA_54%20Methyl%20Isocyanate_v1.0.pdf
80,OSHA,56,v1,Methods,https://westonsolutions.sharepoint.com/sites/Testing/Shared%20Documents/ExB%20Link%20Testing/Website%20PDFs/Methods/OSHA_56_v1.0.pdf
81,OSHA,61 Phosgene,v1,Methods,https://westonsolutions.sharepoint.com/sites/Testing/Shared%20Documents/ExB%20Link%20Testing/Website%20PDFs/Methods/OSHA_61%20Phosgene_v1.0.pdf
82,OSHA,89 Styrene,v1,Methods,https://westonsolutions.sharepoint.com/sites/Testing/Shared%20Documents/ExB%20Link%20Testing/Website%20PDFs/Methods/OSHA_89%20Styrene_v1.0.pdf
83,OSHA,Method 1008,v1,Methods,https://westonsolutions.sharepoint.com/sites/Testing/Shared%20Documents/ExB%20Link%20Testing/Website%20PDFs/Methods/OSHA_Method%201008_v1.0.pdf
84,OSHA,ID 212,v1,Methods,https://westonsolutions.sharepoint.com/sites/Testing/Shared%20Documents/ExB%20Link%20Testing/Website%20PDFs/Methods/OSHA_ID%20212_v1.0.pdf
85,OSHA,Method ID-111,v1,Methods,https://westonsolutions.sharepoint.com/sites/Testing/Shared%20Documents/ExB%20Link%20Testing/Website%20PDFs/Methods/OSHA_Method%20ID-111_v1.0.pdf
86,OSHA,Method ID-145,v1,Methods,https://westonsolutions.sharepoint.com/sites/Testing/Shared%20Documents/ExB%20Link%20Testing/Website%20PDFs/Methods/OSHA_Method%20ID-145_v1.0.pdf
87,OSHA,Method PV2040,v1,Methods,https://westonsolutions.sharepoint.com/sites/Testing/Shared%20Documents/ExB%20Link%20Testing/Website%20PDFs/Methods/OSHA_Method%20PV2040_v1.0.pdf
88,OSHA,Method ID-209,v1,Methods,https://westonsolutions.sharepoint.com/sites/Testing/Shared%20Documents/ExB%20Link%20Testing/Website%20PDFs/Methods/OSHA_Method%20ID-209_v1.0.pdf
89,OSHA,PV2010,v1,Methods,https://westonsolutions.sharepoint.com/sites/Testing/Shared%20Documents/ExB%20Link%20Testing/Website%20PDFs/Methods/OSHA_PV2010_v1.0.pdf
90,OSHA,VOCs in Air PV2120,v1,Methods,https://westonsolutions.sharepoint.com/sites/Testing/Shared%20Documents/ExB%20Link%20Testing/Website%20PDFs/Methods/OSHA_VOCs%20in%20Air%20PV2120_v1.0.pdf
91,OSHA,PV2077,v1,Methods,https://westonsolutions.sharepoint.com/sites/Testing/Shared%20Documents/ExB%20Link%20Testing/Website%20PDFs/Methods/OSHA_PV2077_v1.0.pdf
92,AP2Ce & AP4C,QSG,v2,Device,https://westonsolutions.sharepoint.com/sites/Testing/Shared%20Documents/ExB%20Link%20Testing/Website%20PDFs/Device/AP2Ce%20%26%20AP4C_QSG_v2.0.pdf
93,AreaRAE Pro and Plus,QSG,v1,Device,https://westonsolutions.sharepoint.com/sites/Testing/Shared%20Documents/ExB%20Link%20Testing/Website%20PDFs/Device/AreaRAE%20Pro%20and%20Plus_QSG_v1.0.pdf
94,Canberra AN UDR-14 Dosimeter,SOP,v1,Device,https://westonsolutions.sharepoint.com/sites/Testing/Shared%20Documents/ExB%20Link%20Testing/Website%20PDFs/Device/Canberra%20AN%20UDR-14%20Dosimeter_SOP_v1.0.pdf
95,Canberra Inspector 1000,SOP,v1,Device,https://westonsolutions.sharepoint.com/sites/Testing/Shared%20Documents/ExB%20Link%20Testing/Website%20PDFs/Device/Canberra%20Inspector%201000_SOP_v1.0.pdf
96,Decontamination of Items and Materials,SOP,v1,Device,https://westonsolutions.sharepoint.com/sites/Testing/Shared%20Documents/ExB%20Link%20Testing/Website%20PDFs/Device/Decontamination%20of%20Items%20and%20Materials_SOP_v1.0.pdf
97,Defender DryCal,QSG,v1,Device,https://westonsolutions.sharepoint.com/sites/Testing/Shared%20Documents/ExB%20Link%20Testing/Website%20PDFs/Device/Defender%20DryCal_QSG_v1.0.pdf
98,AreaRAE Pro and Plus,User Guide,v1,Device,https://westonsolutions.sharepoint.com/sites/Testing/Shared%20Documents/ExB%20Link%20Testing/Website%20PDFs/Device/AreaRAE%20Pro%20and%20Plus_User%20Guide_v1.0.pdf
99,Drager CMS,QSG,v2,Device,https://westonsolutions.sharepoint.com/sites/Testing/Shared%20Documents/ExB%20Link%20Testing/Website%20PDFs/Device/Drager%20CMS_QSG_v2.0.pdf
100,Drager XAM 8000,QSG,v1,Device,https://westonsolutions.sharepoint.com/sites/Testing/Shared%20Documents/ExB%20Link%20Testing/Website%20PDFs/Device/Drager%20XAM%208000_QSG_v1.0.pdf
101,DustTrak 8533,QSG,v1,Device,https://westonsolutions.sharepoint.com/sites/Testing/Shared%20Documents/ExB%20Link%20Testing/Website%20PDFs/Device/DustTrak%208533_QSG_v1.0.pdf
102,Drager XAM 8000,Manual,v1,Device,https://westonsolutions.sharepoint.com/sites/Testing/Shared%20Documents/ExB%20Link%20Testing/Website%20PDFs/Device/Drager%20XAM%208000_Manual_v1.0.pdf
103,F&J Model DFHV-1 Air Sampler,SOP,v1,Device,https://westonsolutions.sharepoint.com/sites/Testing/Shared%20Documents/ExB%20Link%20Testing/Website%20PDFs/Device/F%26J%20Model%20DFHV-1%20Air%20Sampler_SOP_v1.0.pdf
104,DustTrak 8534,QSG,v1,Device,https://westonsolutions.sharepoint.com/sites/Testing/Shared%20Documents/ExB%20Link%20Testing/Website%20PDFs/Device/DustTrak%208534_QSG_v1.0.pdf
105,Gemini,Modified QSG,v1,Device,https://westonsolutions.sharepoint.com/sites/Testing/Shared%20Documents/ExB%20Link%20Testing/Website%20PDFs/Device/Gemini_Modified%20QSG_v1.0.pdf
106,Drager XAM 8000,Sensor Guide,v1,Device,https://westonsolutions.sharepoint.com/sites/Testing/Shared%20Documents/ExB%20Link%20Testing/Website%20PDFs/Device/Drager%20XAM%208000_Sensor%20Guide_v1.0.pdf
107,GilAir Plus,QSG,v1,Device,https://westonsolutions.sharepoint.com/sites/Testing/Shared%20Documents/ExB%20Link%20Testing/Website%20PDFs/Device/GilAir%20Plus_QSG_v1.0.pdf
108,Gemini,User Guide,v1,Device,https://westonsolutions.sharepoint.com/sites/Testing/Shared%20Documents/ExB%20Link%20Testing/Website%20PDFs/Device/Gemini_User%20Guide_v1.0.pdf
109,GilAir-5 Personal Air Sampler,QSG,v2,Device,https://westonsolutions.sharepoint.com/sites/Testing/Shared%20Documents/ExB%20Link%20Testing/Website%20PDFs/Device/GilAir-5%20Personal%20Air%20Sampler_QSG_v2.0.pdf
110,GilAir-5 Personal Air Sampler,SOP,v1,Device,https://westonsolutions.sharepoint.com/sites/Testing/Shared%20Documents/ExB%20Link%20Testing/Website%20PDFs/Device/GilAir-5%20Personal%20Air%20Sampler_SOP_v1.0.pdf
111,Gemini,Training Guide,v1,Device,https://westonsolutions.sharepoint.com/sites/Testing/Shared%20Documents/ExB%20Link%20Testing/Website%20PDFs/Device/Gemini_Training%20Guide_v1.0.pdf
112,Jerome J505,QSG,v1,Device,https://westonsolutions.sharepoint.com/sites/Testing/Shared%20Documents/ExB%20Link%20Testing/Website%20PDFs/Device/Jerome%20J505_QSG_v1.0.pdf
113,Ludlum Model 133-7 Detector,SOP,v1,Device,https://westonsolutions.sharepoint.com/sites/Testing/Shared%20Documents/ExB%20Link%20Testing/Website%20PDFs/Device/Ludlum%20Model%20133-7%20Detector_SOP_v1.0.pdf
114,Ludlum Model 15,SOP,v1,Device,https://westonsolutions.sharepoint.com/sites/Testing/Shared%20Documents/ExB%20Link%20Testing/Website%20PDFs/Device/Ludlum%20Model%2015_SOP_v1.0.pdf
115,Ludlum Model 192,QSG,v2,Device,https://westonsolutions.sharepoint.com/sites/Testing/Shared%20Documents/ExB%20Link%20Testing/Website%20PDFs/Device/Ludlum%20Model%20192_QSG_v2.0.pdf
116,Ludlum Model 192,SOP,v1,Device,https://westonsolutions.sharepoint.com/sites/Testing/Shared%20Documents/ExB%20Link%20Testing/Website%20PDFs/Device/Ludlum%20Model%20192_SOP_v1.0.pdf
117,Ludlum Model 19,EOG,v1,Device,https://westonsolutions.sharepoint.com/sites/Testing/Shared%20Documents/ExB%20Link%20Testing/Website%20PDFs/Device/Ludlum%20Model%2019_EOG_v1.0.pdf
118,Ludlum Model 19,QSG,v2,Device,https://westonsolutions.sharepoint.com/sites/Testing/Shared%20Documents/ExB%20Link%20Testing/Website%20PDFs/Device/Ludlum%20Model%2019_QSG_v2.0.pdf
119,Ludlum Model 19,SOP,v1,Device,https://westonsolutions.sharepoint.com/sites/Testing/Shared%20Documents/ExB%20Link%20Testing/Website%20PDFs/Device/Ludlum%20Model%2019_SOP_v1.0.pdf
120,Ludlum Model 2241-2 w 43-90 w 44-9,EOG,v1,Device,https://westonsolutions.sharepoint.com/sites/Testing/Shared%20Documents/ExB%20Link%20Testing/Website%20PDFs/Device/Ludlum%20Model%202241-2%20w%2043-90%20w%2044-9_EOG_v1.0.pdf
121,Ludlum Model 2221 with Model 43-78,SOP,v1,Device,https://westonsolutions.sharepoint.com/sites/Testing/Shared%20Documents/ExB%20Link%20Testing/Website%20PDFs/Device/Ludlum%20Model%202221%20with%20Model%2043-78_SOP_v1.0.pdf
122,Ludlum Model 2241-2,SOP,v1,Device,https://westonsolutions.sharepoint.com/sites/Testing/Shared%20Documents/ExB%20Link%20Testing/Website%20PDFs/Device/Ludlum%20Model%202241-2_SOP_v1.0.pdf
123,Ludlum Model 2241,SOP,v1,Device,https://westonsolutions.sharepoint.com/sites/Testing/Shared%20Documents/ExB%20Link%20Testing/Website%20PDFs/Device/Ludlum%20Model%202241_SOP_v1.pdf
124,Ludlum Model 239-1F and Model 43-37,SOP,v1,Device,https://westonsolutions.sharepoint.com/sites/Testing/Shared%20Documents/ExB%20Link%20Testing/Website%20PDFs/Device/Ludlum%20Model%20239-1F%20and%20Model%2043-37_SOP_v1.0.pdf
125,Ludlum Model 2350-1 Data Logger,SOP,v1,Device,https://westonsolutions.sharepoint.com/sites/Testing/Shared%20Documents/ExB%20Link%20Testing/Website%20PDFs/Device/Ludlum%20Model%202350-1%20Data%20Logger_SOP_v1.0.pdf
126,Ludlum Model 3030,SOP,v1,Device,https://westonsolutions.sharepoint.com/sites/Testing/Shared%20Documents/ExB%20Link%20Testing/Website%20PDFs/Device/Ludlum%20Model%203030_SOP_v1.0.pdf
127,Ludlum Model 3-97,SOP,v1,Device,https://westonsolutions.sharepoint.com/sites/Testing/Shared%20Documents/ExB%20Link%20Testing/Website%20PDFs/Device/Ludlum%20Model%203-97_SOP_v1.0.pdf
128,Ludlum Model 2241-3,SOP,v1,Device,https://westonsolutions.sharepoint.com/sites/Testing/Shared%20Documents/ExB%20Link%20Testing/Website%20PDFs/Device/Ludlum%20Model%202241-3_SOP_v1.0.pdf
129,Ludlum Model 43-68,SOP,v1,Device,https://westonsolutions.sharepoint.com/sites/Testing/Shared%20Documents/ExB%20Link%20Testing/Website%20PDFs/Device/Ludlum%20Model%2043-68_SOP_v1.0.pdf
130,Ludlum Model 43-90,SOP,v1,Device,https://westonsolutions.sharepoint.com/sites/Testing/Shared%20Documents/ExB%20Link%20Testing/Website%20PDFs/Device/Ludlum%20Model%2043-90_SOP_v1.0.pdf
131,Ludlum Model 43-89 Detector,SOP,v1,Device,https://westonsolutions.sharepoint.com/sites/Testing/Shared%20Documents/ExB%20Link%20Testing/Website%20PDFs/Device/Ludlum%20Model%2043-89%20Detector_SOP_v1.0.pdf
132,Ludlum Model 43-93 Detector,SOP,v1,Device,https://westonsolutions.sharepoint.com/sites/Testing/Shared%20Documents/ExB%20Link%20Testing/Website%20PDFs/Device/Ludlum%20Model%2043-93%20Detector_SOP_v1.0.pdf
133,Ludlum Model 44-2 and 44-10 Detectors,SOP,v1,Device,https://westonsolutions.sharepoint.com/sites/Testing/Shared%20Documents/ExB%20Link%20Testing/Website%20PDFs/Device/Ludlum%20Model%2044-2%20and%2044-10%20Detectors_SOP_v1.0.pdf
134,Ludlum Model 44-20 Detector,SOP,v1,Device,https://westonsolutions.sharepoint.com/sites/Testing/Shared%20Documents/ExB%20Link%20Testing/Website%20PDFs/Device/Ludlum%20Model%2044-20%20Detector_SOP_v1.0.pdf
135,Ludlum Model 44-38 Detector,SOP,v1,Device,https://westonsolutions.sharepoint.com/sites/Testing/Shared%20Documents/ExB%20Link%20Testing/Website%20PDFs/Device/Ludlum%20Model%2044-38%20Detector_SOP_v1.0.pdf
136,Ludlum Model 44-7 Detector,SOP,v1,Device,https://westonsolutions.sharepoint.com/sites/Testing/Shared%20Documents/ExB%20Link%20Testing/Website%20PDFs/Device/Ludlum%20Model%2044-7%20Detector_SOP_v1.0.pdf
137,Ludlum Model 44-9,SOP,v1,Device,https://westonsolutions.sharepoint.com/sites/Testing/Shared%20Documents/ExB%20Link%20Testing/Website%20PDFs/Device/Ludlum%20Model%2044-9_SOP_v1.0.pdf
138,Lumex RA915+,QSG,v1,Device,https://westonsolutions.sharepoint.com/sites/Testing/Shared%20Documents/ExB%20Link%20Testing/Website%20PDFs/Device/Lumex%20RA915+_QSG_v1.0.pdf
139,Lumex RA915+ MVA,QSG,v2,Device,https://westonsolutions.sharepoint.com/sites/Testing/Shared%20Documents/ExB%20Link%20Testing/Website%20PDFs/Device/Lumex%20RA915+%20MVA_QSG_v2.0.pdf
140,Lumex RA915M,QSG,v1,Device,https://westonsolutions.sharepoint.com/sites/Testing/Shared%20Documents/ExB%20Link%20Testing/Website%20PDFs/Device/Lumex%20RA915M_QSG_v1.0.pdf
141,MultiRAE PRO,EOG,v1,Device,https://westonsolutions.sharepoint.com/sites/Testing/Shared%20Documents/ExB%20Link%20Testing/Website%20PDFs/Device/MultiRAE%20PRO_EOG_v1.0.pdf
142,MultiRAE PRO,QSG,v2,Device,https://westonsolutions.sharepoint.com/sites/Testing/Shared%20Documents/ExB%20Link%20Testing/Website%20PDFs/Device/MultiRAE%20PRO_QSG_v2.1.pdf
143,PDR 1000,QSG,v1,Device,https://westonsolutions.sharepoint.com/sites/Testing/Shared%20Documents/ExB%20Link%20Testing/Website%20PDFs/Device/PDR%201000_QSG_v1.0.pdf
144,PDR 1000,QSG,v1,Device,https://westonsolutions.sharepoint.com/sites/Testing/Shared%20Documents/ExB%20Link%20Testing/Website%20PDFs/Device/PDR%201000_QSG_v1.1.pdf
145,PDR 1500,Manual,v1,Device,https://westonsolutions.sharepoint.com/sites/Testing/Shared%20Documents/ExB%20Link%20Testing/Website%20PDFs/Device/PDR%201500_Manual_v1.0.pdf
146,Quick Take 30,QSG,v1,Device,https://westonsolutions.sharepoint.com/sites/Testing/Shared%20Documents/ExB%20Link%20Testing/Website%20PDFs/Device/Quick%20Take%2030_QSG_v1.1.pdf
147,Radiological-Scanning-Surveys,SOP,v1,Device,https://westonsolutions.sharepoint.com/sites/Testing/Shared%20Documents/ExB%20Link%20Testing/Website%20PDFs/Device/Radiological-Scanning-Surveys_SOP_v1.0.pdf
148,Radiological-Static-Measurement,SOP,v1,Device,https://westonsolutions.sharepoint.com/sites/Testing/Shared%20Documents/ExB%20Link%20Testing/Website%20PDFs/Device/Radiological-Static-Measurement_SOP_v1.0.pdf
149,SAM 935,QSG,v2,Device,https://westonsolutions.sharepoint.com/sites/Testing/Shared%20Documents/ExB%20Link%20Testing/Website%20PDFs/Device/SAM%20935_QSG_v2.0.pdf
150,SAM 940,QSG,v2,Device,https://westonsolutions.sharepoint.com/sites/Testing/Shared%20Documents/ExB%20Link%20Testing/Website%20PDFs/Device/SAM%20940_QSG_v2.0.pdf
151,MultiRAE PRO,Manual,v1,Device,https://westonsolutions.sharepoint.com/sites/Testing/Shared%20Documents/ExB%20Link%20Testing/Website%20PDFs/Device/MultiRAE%20PRO_Manual_v1.0.pdf
152,SKC AirChek TOUCH,QSG,v1,Device,https://westonsolutions.sharepoint.com/sites/Testing/Shared%20Documents/ExB%20Link%20Testing/Website%20PDFs/Device/SKC%20AirChek%20TOUCH_QSG_v1.0.pdf
153,SidePak AM520,QSG,v1,Device,https://westonsolutions.sharepoint.com/sites/Testing/Shared%20Documents/ExB%20Link%20Testing/Website%20PDFs/Device/SidePak%20AM520_QSG_v1.0.pdf
154,Summa,QSG,v1,Device,https://westonsolutions.sharepoint.com/sites/Testing/Shared%20Documents/ExB%20Link%20Testing/Website%20PDFs/Device/Summa_QSG_v1.1.pdf
155,SPM Flex,QSG,v1,Device,https://westonsolutions.sharepoint.com/sites/Testing/Shared%20Documents/ExB%20Link%20Testing/Website%20PDFs/Device/SPM%20Flex_QSG_v1.0.pdf
156,SAM 950,User Guide,v1,Device,https://westonsolutions.sharepoint.com/sites/Testing/Shared%20Documents/ExB%20Link%20Testing/Website%20PDFs/Device/SAM%20950_User%20Guide_v1.0.pdf
157,Surface Contamination Sampling,SOP,v1,Device,https://westonsolutions.sharepoint.com/sites/Testing/Shared%20Documents/ExB%20Link%20Testing/Website%20PDFs/Device/Surface%20Contamination%20Sampling_SOP_v1.0.pdf
158,Swipe and Air Filter Field Screening,SOP,v1,Device,https://westonsolutions.sharepoint.com/sites/Testing/Shared%20Documents/ExB%20Link%20Testing/Website%20PDFs/Device/Swipe%20and%20Air%20Filter%20Field%20Screening_SOP_v1.0.pdf
159,Trimble GeoXH,QSG,v2,Device,https://westonsolutions.sharepoint.com/sites/Testing/Shared%20Documents/ExB%20Link%20Testing/Website%20PDFs/Device/Trimble%20GeoXH_QSG_v2.0.pdf
160,Trimble R1,QSG,v1,Device,https://westonsolutions.sharepoint.com/sites/Testing/Shared%20Documents/ExB%20Link%20Testing/Website%20PDFs/Device/Trimble%20R1_QSG_v1.0.pdf
161,TVA-1000B,QSG,v2,Device,https://westonsolutions.sharepoint.com/sites/Testing/Shared%20Documents/ExB%20Link%20Testing/Website%20PDFs/Device/TVA-1000B_QSG_v2.0.pdf
162,TVA2020,FID-Response-factors,v1,Device,https://westonsolutions.sharepoint.com/sites/Testing/Shared%20Documents/ExB%20Link%20Testing/Website%20PDFs/Device/TVA2020_FID-Response-factors_v1.0.pdf
163,TVA2020,PID-Response-factors,v1,Device,https://westonsolutions.sharepoint.com/sites/Testing/Shared%20Documents/ExB%20Link%20Testing/Website%20PDFs/Device/TVA2020_PID-Response-factors_v1.0.pdf
164,TVA2020,QSG,v1,Device,https://westonsolutions.sharepoint.com/sites/Testing/Shared%20Documents/ExB%20Link%20Testing/Website%20PDFs/Device/TVA2020_QSG_v1.0.pdf
165,UltraRAE 3000,QSG,v2,Device,https://westonsolutions.sharepoint.com/sites/Testing/Shared%20Documents/ExB%20Link%20Testing/Website%20PDFs/Device/UltraRAE%203000_QSG_v2.0.pdf
166,XRF,General Guide,v1,Device,https://westonsolutions.sharepoint.com/sites/Testing/Shared%20Documents/ExB%20Link%20Testing/Website%20PDFs/Device/XRF_General%20Guide_v1.0.pdf
167,X-Site,QSG,v1,Device,https://westonsolutions.sharepoint.com/sites/Testing/Shared%20Documents/ExB%20Link%20Testing/Website%20PDFs/Device/X-Site_QSG_v1.0.pdf
168,UltraRAE 3000,User Guide,v1,Device,https://westonsolutions.sharepoint.com/sites/Testing/Shared%20Documents/ExB%20Link%20Testing/Website%20PDFs/Device/UltraRAE%203000_User%20Guide_v1.0.pdf
169,YSI ProDSS,QSG,v1,Device,https://westonsolutions.sharepoint.com/sites/Testing/Shared%20Documents/ExB%20Link%20Testing/Website%20PDFs/Device/YSI%20ProDSS_QSG_v1.0.pdf
170,HazMat ID,QSG,v1,Other,https://westonsolutions.sharepoint.com/sites/Testing/Shared%20Documents/ExB%20Link%20Testing/Website%20PDFs/Other/HazMat%20ID_QSG_v1.0.pdf
171,Level A Suit,QSG,v2,Other,https://westonsolutions.sharepoint.com/sites/Testing/Shared%20Documents/ExB%20Link%20Testing/Website%20PDFs/Other/Level%20A%20Suit_QSG_v2.0.pdf
172,Scott SCBA PAPR,QSG,v1,Other,https://westonsolutions.sharepoint.com/sites/Testing/Shared%20Documents/ExB%20Link%20Testing/Website%20PDFs/Other/Scott%20SCBA%20PAPR_QSG_v1.0.pdf
173,Scott SCBA,QSG,v2,Other,https://westonsolutions.sharepoint.com/sites/Testing/Shared%20Documents/ExB%20Link%20Testing/Website%20PDFs/Other/Scott%20SCBA_QSG_v2.0.pdf
174,TerraSync Data Collection Procedure,QSG,v2,Other,https://westonsolutions.sharepoint.com/sites/Testing/Shared%20Documents/ExB%20Link%20Testing/Website%20PDFs/Other/TerraSync%20Data%20Collection%20Procedure_QSG_v2.0.pdf
175,1702 Sentex Scentograph GC,SOP,v1,ERT Methods,https://westonsolutions.sharepoint.com/sites/Testing/Shared%20Documents/ExB%20Link%20Testing/Website%20PDFs/ERT%20Methods/1702%20Sentex%20Scentograph%20GC_SOP_v1.0.PDF
176,1703 Summa Cleaning,SOP,v1,ERT Methods,https://westonsolutions.sharepoint.com/sites/Testing/Shared%20Documents/ExB%20Link%20Testing/Website%20PDFs/ERT%20Methods/1703%20Summa%20Cleaning_SOP_v1.0.pdf
177,1704 Summa Sampling,SOP,v1,ERT Methods,https://westonsolutions.sharepoint.com/sites/Testing/Shared%20Documents/ExB%20Link%20Testing/Website%20PDFs/ERT%20Methods/1704%20Summa%20Sampling_SOP_v1.0.pdf
178,1705 GC-MS of Tenax-CMS and Summas,SOP,v1,ERT Methods,https://westonsolutions.sharepoint.com/sites/Testing/Shared%20Documents/ExB%20Link%20Testing/Website%20PDFs/ERT%20Methods/1705%20GC-MS%20of%20Tenax-CMS%20and%20Summas_SOP_v1.0.PDF
179,1706 Summa Field Standards,SOP,v1,ERT Methods,https://westonsolutions.sharepoint.com/sites/Testing/Shared%20Documents/ExB%20Link%20Testing/Website%20PDFs/ERT%20Methods/1706%20Summa%20Field%20Standards_SOP_v1.0.pdf
180,1707 X-MET 880 XRF,SOP,v1,ERT Methods,https://westonsolutions.sharepoint.com/sites/Testing/Shared%20Documents/ExB%20Link%20Testing/Website%20PDFs/ERT%20Methods/1707%20X-MET%20880%20XRF_SOP_v1.0.PDF
181,1708 Low Level Methane Analysis of Summas,SOP,v1,ERT Methods,https://westonsolutions.sharepoint.com/sites/Testing/Shared%20Documents/ExB%20Link%20Testing/Website%20PDFs/ERT%20Methods/1708%20Low%20Level%20Methane%20Analysis%20of%20Summas_SOP_v1.0.pdf
182,1713 Spectrace 9000 XRF,SOP,v1,ERT Methods,https://westonsolutions.sharepoint.com/sites/Testing/Shared%20Documents/ExB%20Link%20Testing/Website%20PDFs/ERT%20Methods/1713%20Spectrace%209000%20XRF_SOP_v1.0.PDF
183,2001 General Field Sampling Guidelines,SOP,v1,ERT Methods,https://westonsolutions.sharepoint.com/sites/Testing/Shared%20Documents/ExB%20Link%20Testing/Website%20PDFs/ERT%20Methods/2001%20General%20Field%20Sampling%20Guidelines_SOP_v1.0.PDF
184,2006 Sampling Equipment Decontamination,SOP,v1,ERT Methods,https://westonsolutions.sharepoint.com/sites/Testing/Shared%20Documents/ExB%20Link%20Testing/Website%20PDFs/ERT%20Methods/2006%20Sampling%20Equipment%20Decontamination_SOP_v1.0.PDF
185,2007 Groundwater Well Sampling,SOP,v1,ERT Methods,https://westonsolutions.sharepoint.com/sites/Testing/Shared%20Documents/ExB%20Link%20Testing/Website%20PDFs/ERT%20Methods/2007%20Groundwater%20Well%20Sampling_SOP_v1.0.PDF
186,2008 General Air Sampling Guidelines,SOP,v1,ERT Methods,https://westonsolutions.sharepoint.com/sites/Testing/Shared%20Documents/ExB%20Link%20Testing/Website%20PDFs/ERT%20Methods/2008%20General%20Air%20Sampling%20Guidelines_SOP_v1.0.pdf
187,2009 Drum Sampling,SOP,v1,ERT Methods,https://westonsolutions.sharepoint.com/sites/Testing/Shared%20Documents/ExB%20Link%20Testing/Website%20PDFs/ERT%20Methods/2009%20Drum%20Sampling_SOP_v1.0.PDF
188,2010 Tank Sampling,SOP,v1,ERT Methods,https://westonsolutions.sharepoint.com/sites/Testing/Shared%20Documents/ExB%20Link%20Testing/Website%20PDFs/ERT%20Methods/2010%20Tank%20Sampling_SOP_v1.0.PDF
189,"2011 Chip, Wipe, and Sweep Sampling",SOP,v1,ERT Methods,"https://westonsolutions.sharepoint.com/sites/Testing/Shared%20Documents/ExB%20Link%20Testing/Website%20PDFs/ERT%20Methods/2011%20Chip,%20Wipe,%20and%20Sweep%20Sampling_SOP_v1.0.PDF"
190,2013 Surface Water Sampling,SOP,v1,ERT Methods,https://westonsolutions.sharepoint.com/sites/Testing/Shared%20Documents/ExB%20Link%20Testing/Website%20PDFs/ERT%20Methods/2013%20Surface%20Water%20Sampling_SOP_v1.0.PDF
191,2012 Soil Sampling,SOP,v1,ERT Methods,https://westonsolutions.sharepoint.com/sites/Testing/Shared%20Documents/ExB%20Link%20Testing/Website%20PDFs/ERT%20Methods/2012%20Soil%20Sampling_SOP_v1.0.PDF
192,2015 Asbestos Sampling,SOP,v1,ERT Methods,https://westonsolutions.sharepoint.com/sites/Testing/Shared%20Documents/ExB%20Link%20Testing/Website%20PDFs/ERT%20Methods/2015%20Asbestos%20Sampling_SOP_v1.0.pdf
193,2017 Waste Pile Sampling,SOP,v1,ERT Methods,https://westonsolutions.sharepoint.com/sites/Testing/Shared%20Documents/ExB%20Link%20Testing/Website%20PDFs/ERT%20Methods/2017%20Waste%20Pile%20Sampling_SOP_v1.0.PDF
194,2016 Sediment Sampling,SOP,v1,ERT Methods,https://westonsolutions.sharepoint.com/sites/Testing/Shared%20Documents/ExB%20Link%20Testing/Website%20PDFs/ERT%20Methods/2016%20Sediment%20Sampling_SOP_v1.0.PDF
195,2020 7-day Standard Toxicity-Larvel,SOP,v1,ERT Methods,https://westonsolutions.sharepoint.com/sites/Testing/Shared%20Documents/ExB%20Link%20Testing/Website%20PDFs/ERT%20Methods/2020%207-day%20Standard%20Toxicity-Larvel_SOP_v1.0.PDF
196,2021 24-hr Finding Test-Daphinia Magna,SOP,v1,ERT Methods,https://westonsolutions.sharepoint.com/sites/Testing/Shared%20Documents/ExB%20Link%20Testing/Website%20PDFs/ERT%20Methods/2021%2024-hr%20Finding%20Test-Daphinia%20Magna_SOP_v1.0.PDF
197,2022 96-hr Acute Toxicity-Larvel,SOP,v1,ERT Methods,https://westonsolutions.sharepoint.com/sites/Testing/Shared%20Documents/ExB%20Link%20Testing/Website%20PDFs/ERT%20Methods/2022%2096-hr%20Acute%20Toxicity-Larvel_SOP_v1.0.PDF
198,2023 24-hr Finding Test-Larvel,SOP,v1,ERT Methods,https://westonsolutions.sharepoint.com/sites/Testing/Shared%20Documents/ExB%20Link%20Testing/Website%20PDFs/ERT%20Methods/2023%2024-hr%20Finding%20Test-Larvel_SOP_v1.0.PDF
199,2024 48-hr Acute Toxicity-Daphnia Magna,SOP,v1,ERT Methods,https://westonsolutions.sharepoint.com/sites/Testing/Shared%20Documents/ExB%20Link%20Testing/Website%20PDFs/ERT%20Methods/2024%2048-hr%20Acute%20Toxicity-Daphnia%20Magna_SOP_v1.0.PDF
200,2025 7-day Static Toxicity,SOP,v1,ERT Methods,https://westonsolutions.sharepoint.com/sites/Testing/Shared%20Documents/ExB%20Link%20Testing/Website%20PDFs/ERT%20Methods/2025%207-day%20Static%20Toxicity_SOP_v1.0.PDF
201,2026 7-day Static Toxicity-Larvel,SOP,v1,ERT Methods,https://westonsolutions.sharepoint.com/sites/Testing/Shared%20Documents/ExB%20Link%20Testing/Website%20PDFs/ERT%20Methods/2026%207-day%20Static%20Toxicity-Larvel_SOP_v1.0.PDF
202,2027 96-hr Static Toxicity,SOP,v1,ERT Methods,https://westonsolutions.sharepoint.com/sites/Testing/Shared%20Documents/ExB%20Link%20Testing/Website%20PDFs/ERT%20Methods/2027%2096-hr%20Static%20Toxicity_SOP_v1.0.PDF
203,2028 10-day Chronic Toxicity,SOP,v1,ERT Methods,https://westonsolutions.sharepoint.com/sites/Testing/Shared%20Documents/ExB%20Link%20Testing/Website%20PDFs/ERT%20Methods/2028%2010-day%20Chronic%20Toxicity_SOP_v1.0.PDF
204,2030 Chlorophyll Determination,SOP,v1,ERT Methods,https://westonsolutions.sharepoint.com/sites/Testing/Shared%20Documents/ExB%20Link%20Testing/Website%20PDFs/ERT%20Methods/2030%20Chlorophyll%20Determination_SOP_v1.0.PDF
205,2033 Plant Protein Determination,SOP,v1,ERT Methods,https://westonsolutions.sharepoint.com/sites/Testing/Shared%20Documents/ExB%20Link%20Testing/Website%20PDFs/ERT%20Methods/2033%20Plant%20Protein%20Determination_SOP_v1.0.PDF
206,2034 Plant Biomass Determination,SOP,v1,ERT Methods,https://westonsolutions.sharepoint.com/sites/Testing/Shared%20Documents/ExB%20Link%20Testing/Website%20PDFs/ERT%20Methods/2034%20Plant%20Biomass%20Determination_SOP_v1.0.PDF
207,2035 Plant Peroxidase Activity,SOP,v1,ERT Methods,https://westonsolutions.sharepoint.com/sites/Testing/Shared%20Documents/ExB%20Link%20Testing/Website%20PDFs/ERT%20Methods/2035%20Plant%20Peroxidase%20Activity_SOP_v1.0.PDF
208,2037 Terrestrial Plant Community Sampling,SOP,v1,ERT Methods,https://westonsolutions.sharepoint.com/sites/Testing/Shared%20Documents/ExB%20Link%20Testing/Website%20PDFs/ERT%20Methods/2037%20Terrestrial%20Plant%20Community%20Sampling_SOP_v1.0.PDF
209,2036 Tree Coring and Interpretation,SOP,v1,ERT Methods,https://westonsolutions.sharepoint.com/sites/Testing/Shared%20Documents/ExB%20Link%20Testing/Website%20PDFs/ERT%20Methods/2036%20Tree%20Coring%20and%20Interpretation_SOP_v1.0.PDF
210,2038 Vegetation Assessment Field Protocol,SOP,v1,ERT Methods,https://westonsolutions.sharepoint.com/sites/Testing/Shared%20Documents/ExB%20Link%20Testing/Website%20PDFs/ERT%20Methods/2038%20Vegetation%20Assessment%20Field%20Protocol_SOP_v1.0.PDF
211,2042 Soil Gas Sampling,SOP,v1,ERT Methods,https://westonsolutions.sharepoint.com/sites/Testing/Shared%20Documents/ExB%20Link%20Testing/Website%20PDFs/ERT%20Methods/2042%20Soil%20Gas%20Sampling_SOP_v1.0.pdf
212,2043 Water Level Measurements,SOP,v1,ERT Methods,https://westonsolutions.sharepoint.com/sites/Testing/Shared%20Documents/ExB%20Link%20Testing/Website%20PDFs/ERT%20Methods/2043%20Water%20Level%20Measurements_SOP_v1.0.PDF
213,2044 Well Development,SOP,v1,ERT Methods,https://westonsolutions.sharepoint.com/sites/Testing/Shared%20Documents/ExB%20Link%20Testing/Website%20PDFs/ERT%20Methods/2044%20Well%20Development_SOP_v1.0.PDF
214,2045 Controlled Pumping Test,SOP,v1,ERT Methods,https://westonsolutions.sharepoint.com/sites/Testing/Shared%20Documents/ExB%20Link%20Testing/Website%20PDFs/ERT%20Methods/2045%20Controlled%20Pumping%20Test_SOP_v1.0.PDF
215,2046 Slug Tests,SOP,v1,ERT Methods,https://westonsolutions.sharepoint.com/sites/Testing/Shared%20Documents/ExB%20Link%20Testing/Website%20PDFs/ERT%20Methods/2046%20Slug%20Tests_SOP_v1.0.PDF
216,2048 Monitor Well Installation,SOP,v1,ERT Methods,https://westonsolutions.sharepoint.com/sites/Testing/Shared%20Documents/ExB%20Link%20Testing/Website%20PDFs/ERT%20Methods/2048%20Monitor%20Well%20Installation_SOP_v1.0.PDF
217,2101 Retrieving Meteorological Information,SOP,v1,ERT Methods,https://westonsolutions.sharepoint.com/sites/Testing/Shared%20Documents/ExB%20Link%20Testing/Website%20PDFs/ERT%20Methods/2101%20Retrieving%20Meteorological%20Information_SOP_v1.0.PDF
218,2050 Model 5400 Georpobe Operation,SOP,v1,ERT Methods,https://westonsolutions.sharepoint.com/sites/Testing/Shared%20Documents/ExB%20Link%20Testing/Website%20PDFs/ERT%20Methods/2050%20Model%205400%20Georpobe%20Operation_SOP_v1.0.PDF
219,2102 Tedlar Bag Sampling,SOP,v1,ERT Methods,https://westonsolutions.sharepoint.com/sites/Testing/Shared%20Documents/ExB%20Link%20Testing/Website%20PDFs/ERT%20Methods/2102%20Tedlar%20Bag%20Sampling_SOP_v1.0.pdf
220,2103 Charcoal Tube Sampling in Ambient Air,SOP,v1,ERT Methods,https://westonsolutions.sharepoint.com/sites/Testing/Shared%20Documents/ExB%20Link%20Testing/Website%20PDFs/ERT%20Methods/2103%20Charcoal%20Tube%20Sampling%20in%20Ambient%20Air_SOP_v1.0.pdf
221,2104 Tenax-CMS Tube Sampling,SOP,v1,ERT Methods,https://westonsolutions.sharepoint.com/sites/Testing/Shared%20Documents/ExB%20Link%20Testing/Website%20PDFs/ERT%20Methods/2104%20Tenax-CMS%20Tube%20Sampling_SOP_v1.0.pdf
222,"2109 Photovac GC Analysis for Soil, Water",SOP,v1,ERT Methods,"https://westonsolutions.sharepoint.com/sites/Testing/Shared%20Documents/ExB%20Link%20Testing/Website%20PDFs/ERT%20Methods/2109%20Photovac%20GC%20Analysis%20for%20Soil,%20Water_SOP_v1.0.PDF"
223,"2108 Photovac 10S50, 10S55, and 10S70 GC",SOP,v1,ERT Methods,"https://westonsolutions.sharepoint.com/sites/Testing/Shared%20Documents/ExB%20Link%20Testing/Website%20PDFs/ERT%20Methods/2108%20Photovac%2010S50,%2010S55,%20and%2010S70%20GC_SOP_v1.0.PDF"
224,2107 Photovac 10A10 Portable GC,SOP,v1,ERT Methods,https://westonsolutions.sharepoint.com/sites/Testing/Shared%20Documents/ExB%20Link%20Testing/Website%20PDFs/ERT%20Methods/2107%20Photovac%2010A10%20Portable%20GC_SOP_v1.0.PDF
225,2110 Microsensor P200,SOP,v1,ERT Methods,https://westonsolutions.sharepoint.com/sites/Testing/Shared%20Documents/ExB%20Link%20Testing/Website%20PDFs/ERT%20Methods/2110%20Microsensor%20P200_SOP_v1.0.PDF
226,2114 PID HNU,SOP,v1,ERT Methods,https://westonsolutions.sharepoint.com/sites/Testing/Shared%20Documents/ExB%20Link%20Testing/Website%20PDFs/ERT%20Methods/2114%20PID%20HNU_SOP_v1.0.PDF
227,2119 Air Sampling for Metals,SOP,v1,ERT Methods,https://westonsolutions.sharepoint.com/sites/Testing/Shared%20Documents/ExB%20Link%20Testing/Website%20PDFs/ERT%20Methods/2119%20Air%20Sampling%20for%20Metals_SOP_v1.0.pdf
228,2120 Remote Meteorological Station,SOP,v1,ERT Methods,https://westonsolutions.sharepoint.com/sites/Testing/Shared%20Documents/ExB%20Link%20Testing/Website%20PDFs/ERT%20Methods/2120%20Remote%20Meteorological%20Station_SOP_v1.0.PDF
229,2123 ALOHA Air Model,SOP,v1,ERT Methods,https://westonsolutions.sharepoint.com/sites/Testing/Shared%20Documents/ExB%20Link%20Testing/Website%20PDFs/ERT%20Methods/2123%20ALOHA%20Air%20Model_SOP_v1.0.PDF
230,2121 High Volume Poly Sampling,SOP,v1,ERT Methods,https://westonsolutions.sharepoint.com/sites/Testing/Shared%20Documents/ExB%20Link%20Testing/Website%20PDFs/ERT%20Methods/2121%20High%20Volume%20Poly%20Sampling_SOP_v1.0.PDF
231,2124 CAMEO 3.0 Software System,SOP,v1,ERT Methods,https://westonsolutions.sharepoint.com/sites/Testing/Shared%20Documents/ExB%20Link%20Testing/Website%20PDFs/ERT%20Methods/2124%20CAMEO%203.0%20Software%20System_SOP_v1.0.pdf
232,REAC2042 Soil Gas Sampling,SOP,v1,ERT Methods,https://westonsolutions.sharepoint.com/sites/Testing/Shared%20Documents/ExB%20Link%20Testing/Website%20PDFs/ERT%20Methods/REAC2042%20Soil%20Gas%20Sampling_SOP_v1.0.pdf
233,REAC2082 Construction and Installation wells,SOP,1,ERT Methods,https://westonsolutions.sharepoint.com/sites/Testing/Shared%20Documents/ExB%20Link%20Testing/Website%20PDFs/ERT%20Methods/REAC2082%20Construction%20and%20Installation%20wells_SOP_1.0.pdf
234,SOP Index,ERT ToC,01,ERT Methods,https://westonsolutions.sharepoint.com/sites/Testing/Shared%20Documents/ExB%20Link%20Testing/Website%20PDFs/ERT%20Methods/SOP%20Index_ERT%20ToC_01.pdf
235,Annual Kit Maintenance Inspection 08-06-22,,,HazCat,https://westonsolutions.sharepoint.com/sites/Testing/Shared%20Documents/ExB%20Link%20Testing/Website%20PDFs/HazCat/Annual%20Kit%20Maintenance%20Inspection%2008-06-22.docx?d=wcf3727bbfbf24d2ebbf245c8035ffffe
236,HAZCAT Kit,QSG,v1,HazCat,https://westonsolutions.sharepoint.com/sites/Testing/Shared%20Documents/ExB%20Link%20Testing/Website%20PDFs/HazCat/HAZCAT%20Kit_QSG_v1.0.pdf
237,Hazards,Chart,09-17-22,HazCat,https://westonsolutions.sharepoint.com/sites/Testing/Shared%20Documents/ExB%20Link%20Testing/Website%20PDFs/HazCat/Hazards_Chart_09-17-22.pdf
238,HazCat,Anions Chart,12-26-20,HazCat,https://westonsolutions.sharepoint.com/sites/Testing/Shared%20Documents/ExB%20Link%20Testing/Website%20PDFs/HazCat/HazCat_Anions%20Chart_12-26-20.pdf
239,HazCat,Flammable Solids Chart,09-22-22,HazCat,https://westonsolutions.sharepoint.com/sites/Testing/Shared%20Documents/ExB%20Link%20Testing/Website%20PDFs/HazCat/HazCat_Flammable%20Solids%20Chart_09-22-22.pdf
240,HazCat,Beilstein Test Kit,v1,HazCat,https://westonsolutions.sharepoint.com/sites/Testing/Shared%20Documents/ExB%20Link%20Testing/Website%20PDFs/HazCat/HazCat_Beilstein%20Test%20Kit_v1.0.pdf
241,HazCat,Cannabis Grow Liquids Chart,11-20-19,HazCat,https://westonsolutions.sharepoint.com/sites/Testing/Shared%20Documents/ExB%20Link%20Testing/Website%20PDFs/HazCat/HazCat_Cannabis%20Grow%20Liquids%20Chart_11-20-19.pdf
242,HazCat,Liquid Acids Chart,01-14-21,HazCat,https://westonsolutions.sharepoint.com/sites/Testing/Shared%20Documents/ExB%20Link%20Testing/Website%20PDFs/HazCat/HazCat_Liquid%20Acids%20Chart_01-14-21.pdf
243,HazCat,Inorganic Analysis Summary Form,03-04-21,HazCat,https://westonsolutions.sharepoint.com/sites/Testing/Shared%20Documents/ExB%20Link%20Testing/Website%20PDFs/HazCat/HazCat_Inorganic%20Analysis%20Summary%20Form_03-04-21.pdf
244,Hazcat,Manual,2022F,HazCat,https://westonsolutions.sharepoint.com/sites/Testing/Shared%20Documents/ExB%20Link%20Testing/Website%20PDFs/HazCat/Hazcat_Manual_2022F.pdf
245,HazCat,Main Liquids Chart,08-05-22,HazCat,https://westonsolutions.sharepoint.com/sites/Testing/Shared%20Documents/ExB%20Link%20Testing/Website%20PDFs/HazCat/HazCat_Main%20Liquids%20Chart_08-05-22.pdf
246,HazCat,Main Solids Chart,01-27-22,HazCat,https://westonsolutions.sharepoint.com/sites/Testing/Shared%20Documents/ExB%20Link%20Testing/Website%20PDFs/HazCat/HazCat_Main%20Solids%20Chart_01-27-22.pdf
247,HazCat,Organic Analysis Summary Form,05-28-21,HazCat,https://westonsolutions.sharepoint.com/sites/Testing/Shared%20Documents/ExB%20Link%20Testing/Website%20PDFs/HazCat/HazCat_Organic%20Analysis%20Summary%20Form_05-28-21.pdf
248,HazCat,Proteins Chart,03-10-21,HazCat,https://westonsolutions.sharepoint.com/sites/Testing/Shared%20Documents/ExB%20Link%20Testing/Website%20PDFs/HazCat/HazCat_Proteins%20Chart_03-10-21.pdf
249,HazCat,Quick RCRA Chart,09-24-22,HazCat,https://westonsolutions.sharepoint.com/sites/Testing/Shared%20Documents/ExB%20Link%20Testing/Website%20PDFs/HazCat/HazCat_Quick%20RCRA%20Chart_09-24-22.pdf
250,HazCat,QuickCat DOT Hazards Chart,09-17-22,HazCat,https://westonsolutions.sharepoint.com/sites/Testing/Shared%20Documents/ExB%20Link%20Testing/Website%20PDFs/HazCat/HazCat_QuickCat%20DOT%20Hazards%20Chart_09-17-22.pdf
251,AreaRAE Safety Suite,Viper Guide,v1,Viper,https://westonsolutions.sharepoint.com/sites/Testing/Shared%20Documents/ExB%20Link%20Testing/Website%20PDFs/Viper/AreaRAE%20Safety%20Suite_Viper%20Guide_v1.0.pdf
252,draft QSG X-site,Manual,v1,Viper,https://westonsolutions.sharepoint.com/sites/Testing/Shared%20Documents/ExB%20Link%20Testing/Website%20PDFs/Viper/draft%20QSG%20X-site_Manual_v1.0.pdf
253,DRAFT Viper DM 2.0,User Guide,12,Viper,https://westonsolutions.sharepoint.com/sites/Testing/Shared%20Documents/ExB%20Link%20Testing/Website%20PDFs/Viper/DRAFT%20Viper%20DM%202.0_User%20Guide_12.24.pdf
254,DustTraks,Viper Guide,v1,Viper,https://westonsolutions.sharepoint.com/sites/Testing/Shared%20Documents/ExB%20Link%20Testing/Website%20PDFs/Viper/DustTraks_Viper%20Guide_v1.0.pdf
255,MANUAL VIPER,User Guide,v1,Viper,https://westonsolutions.sharepoint.com/sites/Testing/Shared%20Documents/ExB%20Link%20Testing/Website%20PDFs/Viper/MANUAL%20VIPER_User%20Guide_v1.0.pdf
256,SPM Flex Xsite,Viper Guide,v2,Viper,https://westonsolutions.sharepoint.com/sites/Testing/Shared%20Documents/ExB%20Link%20Testing/Website%20PDFs/Viper/SPM%20Flex%20Xsite_Viper%20Guide_v2.0.pdf
257,Smart Gateway,Guide,Summer 2020,Viper,https://westonsolutions.sharepoint.com/sites/Testing/Shared%20Documents/ExB%20Link%20Testing/Website%20PDFs/Viper/Smart%20Gateway_Guide_Summer%202020.pdf
258,Viper Setup-AreaRAE Safety Suite,QSG,v1,Viper,https://westonsolutions.sharepoint.com/sites/Testing/Shared%20Documents/ExB%20Link%20Testing/Website%20PDFs/Viper/Viper%20Setup-AreaRAE%20Safety%20Suite_QSG_v1.0.pdf
259,Viper Setup-SPM Flex With Gateway,QSG,v1,Viper,https://westonsolutions.sharepoint.com/sites/Testing/Shared%20Documents/ExB%20Link%20Testing/Website%20PDFs/Viper/Viper%20Setup-SPM%20Flex%20With%20Gateway_QSG_v1.0.pdf
260,Viper-ProRae Guardian Setup,QSG,v1,Viper,https://westonsolutions.sharepoint.com/sites/Testing/Shared%20Documents/ExB%20Link%20Testing/Website%20PDFs/Viper/Viper-ProRae%20Guardian%20Setup_QSG_v1.0.pdf
261,Viper-SmartGateway 2020,QSG,v1,Viper,https://westonsolutions.sharepoint.com/sites/Testing/Shared%20Documents/ExB%20Link%20Testing/Website%20PDFs/Viper/Viper-SmartGateway%202020_QSG_v1.0.pdf
