sensor_id,cas_number,relationship_type,correction_factor,detection_range_low,detection_range_high,range_unit,notes,include
RAE-LEL-1,67-64-1,primary,2.2,0,100,%LEL,,
RAE-LEL-1,7664-41-7,primary,0.8,0,100,%LEL,,
RAE-LEL-1,71-43-2,primary,2.8,0,100,%LEL,,
RAE-LEL-1,630-08-0,primary,1.2,0,100,%LEL,,
RAE-LEL-1,110-82-7,primary,2.5,0,100,%LEL,,
RAE-LEL-1,64-17-5,primary,1.7,0,100,%LEL,,
RAE-LEL-1,141-78-6,primary,2.2,0,100,%LEL,,
RAE-LEL-1,1333-74-0,primary,2.3,0,100,%LEL,,
RAE-LEL-1,115-11-7,primary,1.5,0,100,%LEL,,
RAE-LEL-1,67-63-0,primary,2.6,0,100,%LEL,,
RAE-LEL-1,LOCAL-Leaded-Gasoline,primary,2.8,0,100,%LEL,,
RAE-LEL-1,74-82-8,primary,1,0,100,%LEL,,
RAE-LEL-1,67-56-1,primary,2,0,100,%LEL,,
RAE-LEL-1,78-93-3,primary,2.6,0,100,%LEL,,
RAE-LEL-1,106-97-8,primary,1.6,0,100,%LEL,,
RAE-LEL-1,142-82-5,primary,3.5,0,100,%LEL,,
RAE-LEL-1,110-54-3,primary,3.3,0,100,%LEL,,
RAE-LEL-1,111-65-9,primary,3.8,0,100,%LEL,,
RAE-LEL-1,109-66-0,primary,2.2,0,100,%LEL,,
RAE-LEL-1,7803-51-2,primary,0.26,0,100,%LEL,,
RAE-LEL-1,74-98-6,primary,1.6,0,100,%LEL,,
RAE-LEL-1,115-07-1,primary,1.5,0,100,%LEL,,
RAE-LEL-1,108-88-3,primary,3.5,0,100,%LEL,,
RAE-LEL-1,8006-64-2,primary,2.9,0,100,%LEL,,
RAE-LEL-2,67-64-1,primary,2.2,0,100,%LEL,,
RAE-LEL-2,7664-41-7,primary,0.8,0,100,%LEL,,
RAE-LEL-2,71-43-2,primary,2.5,0,100,%LEL,,
RAE-LEL-2,630-08-0,primary,1.2,0,100,%LEL,,
RAE-LEL-2,110-82-7,primary,2.5,0,100,%LEL,,
RAE-LEL-2,64-17-5,primary,1.7,0,100,%LEL,,
RAE-LEL-2,141-78-6,primary,2.2,0,100,%LEL,,
RAE-LEL-2,1333-74-0,primary,1.2,0,100,%LEL,,
RAE-LEL-2,115-11-7,primary,1.5,0,100,%LEL,,
RAE-LEL-2,67-63-0,primary,2.6,0,100,%LEL,,
RAE-LEL-2,LOCAL-Leaded-Gasoline,primary,2.4,0,100,%LEL,,
RAE-LEL-2,74-82-8,primary,1,0,100,%LEL,,
RAE-LEL-2,67-56-1,primary,1.5,0,100,%LEL,,
RAE-LEL-2,78-93-3,primary,2.6,0,100,%LEL,,
RAE-LEL-2,106-97-8,primary,1.6,0,100,%LEL,,
RAE-LEL-2,142-82-5,primary,2.7,0,100,%LEL,,
RAE-LEL-2,110-54-3,primary,2.5,0,100,%LEL,,
RAE-LEL-2,111-65-9,primary,2.9,0,100,%LEL,,
RAE-LEL-2,109-66-0,primary,2,0,100,%LEL,,
RAE-LEL-2,7803-51-2,primary,0.26,0,100,%LEL,,
RAE-LEL-2,74-98-6,primary,1.6,0,100,%LEL,,
RAE-LEL-2,115-07-1,primary,1.7,0,100,%LEL,,
RAE-LEL-2,108-88-3,primary,3,0,100,%LEL,,
RAE-LEL-2,8006-64-2,primary,2.9,0,100,%LEL,,
RAE-O2-1,7782-44-7,primary,,0,30,%vol,,
RAE-O2-4REC,7782-44-7,primary,,0,30,%vol,,
RAE-NH3-1,7664-41-7,primary,,0,100,ppm,,
RAE-CO-1,630-08-0,primary,,0,500,,,
RAE-CO-ER,630-08-0,primary,,0,2000,ppm,,
RAE-CL2-1,7782-50-5,primary,,0,50,ppm,,
RAE-COSH-CO,630-08-0,primary,,0,500,ppm,,
RAE-COSH-H2S,7783-06-4,primary,,0,200,ppm,,
RAE-HCN-1,74-90-8,primary,,0,50,ppm,,
RAE-H2S-1,7783-06-4,primary,,0,100,ppm,,
RAE-H2S-ER,7783-06-4,primary,,0,500,ppm,,
RAE-NO2-1,10102-44-0,primary,,0,20,ppm,,
RAE-NO-1,10024-97-2,primary,,0,250,ppm,,
RAE-PH3-1,7803-51-2,primary,,0,5,ppm,,
RAE-PH3-2,7803-51-2,primary,,0,20,ppm,,
RAE-PH3H-3,7803-51-2,primary,,0,20,,"PH3H, not PH3",
RAE-SO2-1,7446-09-5,primary,,0,20,ppm,,
RAE-COCL2-1,7646-79-9,primary,,NA,NA,ppm,,
SPM-HYDRIDES-1,7784-42-1,primary,,0.5,500,ppb,,
SPM-HYDRIDES-1,7803-51-2,primary,,3,3000,ppb,,
SPM-HYDRIDES-1,19287-45-7,primary,,5,1000,ppb,,
SPM-HYDRIDES-1,7803-62-5,primary,,0.03,50,ppm,,
SPM-HYDRIDES-1,7782-65-2,primary,,50,2000,ppb,,
SPM-HYDRIDES-1,7783-07-5,primary,,2,500,ppb,,
SPM-HYDRIDES-1,7783-06-4,primary,,0.001,9.999,ppm,,
SPM-MINERAL-1,7664-39-3,primary,,0.02,20,ppm,,
SPM-MINERAL-1,7647-01-0,primary,,0.02,20,ppm,,
SPM-MINERAL-1,10035-10-6,primary,,0.02,10,ppm,,
SPM-MINERAL-1,7637-07-2,primary,,0.05,10,ppm,,
SPM-MINERAL-1,7697-37-2,primary,,0.02,20,ppm,,
SPM-MINERAL-1,7664-93-9,primary,,5,750,ppb,,
SPM-MINERAL-1,10034-85-2,primary,,0.2,10,ppm,,
SPM-MINERAL-EU,7664-39-3,primary,,0.4,20,ppm,,
SPM-MINERAL-EU,7647-01-0,primary,,0.02,20,ppm,,
SPM-MINERAL-EU,10035-10-6,primary,,0.02,10,ppm,,
SPM-MINERAL-EU,7637-07-2,primary,,0.05,10,ppm,,
SPM-MINERAL-EU,7697-37-2,primary,,0.02,20,ppm,,
SPM-MINERAL-EU,7664-93-9,primary,,5,750,ppb,,
SPM-MINERAL-EU,10034-85-2,primary,,0.2,10,ppm,,
SPM-OXI-1,7782-41-4,primary,,0.01,10,ppm,,
SPM-OXI-1,7782-50-5,primary,,0.01,5,ppm,,
SPM-OXI-1,10102-44-0,primary,,0.03,10,ppm,,
SPM-OXI-1,7782-50-5,primary,,0.01,5,ppm,,
SPM-OXI-1,10049-04-4,primary,,20,1000,ppb,,
SPM-CL-1,7782-50-5,primary,,0.005,5,ppm,,
SPM-AMMINES-1,7664-41-7,primary,,0.01,150,ppm,,
SPM-PHOSGENE-1,75-44-5,primary,,2,2000,ppb,,
SPM-HYDRAZINES-1,302-01-2,primary,,3,1000,ppb,,
SPM-HCN-1,74-90-8,primary,,0.2,30,ppm,,
SPM-SO2-1,7446-09-5,primary,,10,2500,ppb,,
SPM-O3-1,10028-15-6,primary,,20,1000,ppb,,
SPM-H2O2-1,7722-84-1,primary,,0.1,3,ppm,,
DRAG-CATEX-125,74-82-8,primary,,0,100,%LEL,,
DRAG-CATEX-125,67-64-1,primary,,0,100,%LEL,,
DRAG-CATEX-125,64-19-7,primary,,0,100,%LEL,,
DRAG-CATEX-125,74-86-2,primary,,0,100,%LEL,,
DRAG-CATEX-125,7664-41-7,primary,,0,100,%LEL,,
DRAG-CATEX-125,71-43-2,primary,,0,100,%LEL,,
DRAG-CATEX-125,106-99-0,primary,,0,100,%LEL,,
DRAG-CATEX-125,106-97-8,primary,,0,100,%LEL,,
DRAG-CATEX-125,630-08-0,primary,,0,100,%LEL,,
DRAG-CATEX-125,110-82-7,primary,,0,100,%LEL,,
DRAG-CATEX-125,60-29-7,primary,,0,100,%LEL,,
DRAG-CATEX-125,64-17-5,primary,,0,100,%LEL,,
DRAG-CATEX-125,141-78-6,primary,,0,100,%LEL,,
DRAG-CATEX-125,142-82-5,primary,,0,100,%LEL,,
DRAG-CATEX-125,110-54-3,primary,,0,100,%LEL,,
DRAG-CATEX-125,1333-74-0,primary,,0,100,%LEL,,
DRAG-CATEX-125,8006-61-9,primary,,0,100,%LEL,,
DRAG-CATEX-125,67-56-1,primary,,0,100,%LEL,,
DRAG-CATEX-125,111-65-9,primary,,0,100,%LEL,,
DRAG-CATEX-125,109-66-0,primary,,0,100,%LEL,,
DRAG-CATEX-125,74-98-6,primary,,0,100,%LEL,,
DRAG-CATEX-125,115-07-1,primary,,0,100,%LEL,,
DRAG-CATEX-125,100-42-5,primary,,0,100,%LEL,,
DRAG-CATEX-125,108-88-3,primary,,0,100,%LEL,,
DRAG-CATEX-125,95-47-6,primary,,0,100,%LEL,,
DRAG-XXS-CL,7782-50-5,primary,,0,20,ppm,,
DRAG-XXS-CL,7782-41-4,primary,,0,20,ppm,,
DRAG-XXS-CL,7726-95-6,primary,,0,20,ppm,,
DRAG-XXS-CL,10049-04-4,primary,,0,20,ppm,,
DRAG-XXS-CO,630-08-0,primary,,0,2000,ppm,,
DRAG-XXS-ECO,630-08-0,primary,,0,2000,ppm,,
DRAGER-XXS-COLC,630-08-0,primary,,0,2000,ppm,,
DRAGER-XXS-COHC,630-08-0,primary,,0,10000,ppm,,
DRAGER-XXS-COH2CP,630-08-0,primary,,0,2000,ppm,,
DRAGER-XXS-CO2,124-38-9,primary,,0,5,%vol,,
DRAGER-XXS-COCl2,7646-79-9,primary,,0,10,ppm,,
DRAGER-XXS-H2,1333-74-0,primary,,0,2000,ppm,,
DRAGER-XXS-H2HC,1333-74-0,primary,,0,4,%vol,,
DRAGER-XXS-HCN,74-90-8,primary,,0,50,ppm,,
DRAGER-XXS-H2S,7783-06-4,primary,,0,200,ppm,,
DRAGER-XXS-EH2S,7783-06-4,primary,,0,200,ppm,,
DRAGER-XXS-H2SHC,7783-06-4,primary,,0,1000,ppm,,
DRAGER-XXS-H2SLC,7783-06-4,primary,,0,100,ppm,,
DRAGER-XXS-H2SCO-H2S,7783-06-4,primary,,0,200,ppm,,
DRAGER-XXS-H2SCO-CO,630-08-0,primary,,0,2000,ppm,,
DRAGER-XXS-H2SCOLC-H2S,7783-06-4,primary,,0,100,ppm,,
DRAGER-XXS-H2SCOLC-CO,630-08-0,primary,,0,2000,ppm,,
DRAGER-XXS-NH3,7664-41-7,primary,,0,300,ppm,,
DRAGER-XXS-NO,10102-44-0,primary,,0,200,ppm,,
DRAGER-XXS-NO2,10102-44-0,primary,,0,50,ppm,,
DRAGER-XXS-NO2LC,10102-44-0,primary,,0,50,ppm,,
DRAGER-XXS-OV,60-29-7,primary,,0,200,ppm,,
DRAGER-XXS-OV,115-07-1,detectable,0.65,0,100,ppm,correction factor is relative sensitivity compared to Ethyl Oxide,
DRAGER-XXS-OV,75-01-4,detectable,0.6,0,100,ppm,correction factor is relative sensitivity compared to Ethyl Oxide,
DRAGER-XXS-OV,67-56-1,detectable,0.5,0,800,ppm,correction factor is relative sensitivity compared to Ethyl Oxide,
DRAGER-XXS-OV,106-99-0,detectable,1.4,0,100,ppm,correction factor is relative sensitivity compared to Ethyl Oxide,
DRAGER-XXS-OV,50-00-0,detectable,0.8,0,100,ppm,correction factor is relative sensitivity compared to Ethyl Oxide,
DRAGER-XXS-OV,67-63-0,detectable,0.35,0,300,ppm,correction factor is relative sensitivity compared to Ethyl Oxide,
DRAGER-XXS-OV,100-42-5,detectable,0.7,0,100,ppm,correction factor is relative sensitivity compared to Ethyl Oxide,
DRAGER-XXS-OVA,75-21-8,primary,,0,200,ppm,,
DRAGER-XXS-OVA,107-13-1,detectable,0.15,0,100,ppm,,
DRAGER-XXS-OVA,115-11-7,detectable,0.9,0,300,ppm,,
DRAGER-XXS-OVA,64-17-5,detectable,0.55,0,300,ppm,,
DRAGER-XXS-OVA,60-29-7,detectable,0.75,0,200,ppm,,
DRAGER-XXS-OVA,74-86-2,detectable,1.4,0,100,ppm,,
DRAGER-XXS-O2,7782-44-7,primary,,0,25,%vol,,
DRAGER-XXS-EO2,7782-44-7,primary,,0,25,%vol,,
DRAGER-XXS-O2PR,7782-44-7,primary,,0,30,%vol,,
DRAGER-XXS-O2COLC-O2,7782-44-7,primary,,0,25,%vol,,
DRAGER-XXS-O2COLC-CO,630-08-0,primary,,0,2000,ppm,,
DRAGER-XXS-O2H2SLC-O2,7782-44-7,primary,,0,25,%vol,,
DRAGER-XXS-O2H2SLC-H2S,7783-06-4,primary,,0,100,ppm,,
DRAGER-XXS-O2100,7782-44-7,primary,,0,100,%vol,,
DRAGER-XXS-O3,10028-15-6,primary,,0,10,ppm,,
DRAGER-XXS-PH3,7803-51-2,primary,,0,20,ppm,,
DRAGER-XXS-PH3,7784-42-1,detectable,1,0,20,ppm,,
DRAGER-XXS-PH3,19287-45-7,detectable,0.25,0,20,ppm,Relative sensitivity as compared to Phosphine,
DRAGER-XXS-PH3,7803-62-5,detectable,0.5,0,20,ppm,Relative sensitivity as compared to Phosphine,
DRAGER-XXS-PH3,7783-07-5,detectable,0.5,0,20,ppm,Relative sensitivity as compared to Phosphine,
DRAGER-XXS-PH3HC,7803-51-2,primary,,0,2000,ppm,,
DRAGER-XXS-SO2,7446-09-5,primary,,0,100,ppm,,
TSI-DUSTTRAK-8533,7440-38-2,primary,,0.001,150,mg/m3,,
TSI-DUSTTRAK-8533,1332-21-4,primary,,0.001,150,mg/m3,,
TSI-DUSTTRAK-8533,7440-43-9,primary,,0.001,150,mg/m3,,
TSI-DUSTTRAK-8533,7440-47-3,primary,,0.001,150,mg/m3,,
TSI-DUSTTRAK-8533,7440-47-3,primary,,0.001,150,mg/m3,,
TSI-DUSTTRAK-8533,7440-47-3,primary,,0.001,150,mg/m3,,
TSI-DUSTTRAK-8533,18540-29-9,primary,,0.001,150,mg/m3,,
TSI-DUSTTRAK-8533,7738-94-5,primary,,0.001,150,mg/m3,,
TSI-DUSTTRAK-8533,7440-50-8,primary,,0.001,150,mg/m3,,
TSI-DUSTTRAK-8533,7439-92-1,primary,,0.001,150,mg/m3,,
TSI-DUSTTRAK-8533,7439-93-2,primary,,0.001,150,mg/m3,,
TSI-DUSTTRAK-8533,1309-48-4,primary,,0.001,150,mg/m3,,
TSI-DUSTTRAK-8533,7440-02-0,primary,,0.001,150,mg/m3,,
TSI-DUSTTRAK-8533,65996-93-2,primary,,0.001,150,mg/m3,,
TSI-DUSTTRAK-8533,87-86-5,primary,,0.001,150,mg/m3,,
TSI-DUSTTRAK-8533,7723-14-0,primary,,0.001,150,mg/m3,,
TSI-DUSTTRAK-8533,1314-56-3,primary,,0.001,150,mg/m3,,
TSI-DUSTTRAK-8533,1314-13-2,primary,,0.001,150,mg/m3,,
TSI-DUSTTRAK-8533,LOCAL-Particulate,primary,,0.001,150,mg/m3,,
TSI-DUSTTRAK-8534,7440-38-2,primary,,0.001,150,mg/m3,,
TSI-DUSTTRAK-8534,1332-21-4,primary,,0.001,150,mg/m3,,
TSI-DUSTTRAK-8534,7440-43-9,primary,,0.001,150,mg/m3,,
TSI-DUSTTRAK-8534,7440-47-3,primary,,0.001,150,mg/m3,,
TSI-DUSTTRAK-8534,7440-47-3,primary,,0.001,150,mg/m3,,
TSI-DUSTTRAK-8534,7440-47-3,primary,,0.001,150,mg/m3,,
TSI-DUSTTRAK-8534,18540-29-9,primary,,0.001,150,mg/m3,,
TSI-DUSTTRAK-8534,7738-94-5,primary,,0.001,150,mg/m3,,
TSI-DUSTTRAK-8534,7440-50-8,primary,,0.001,150,mg/m3,,
TSI-DUSTTRAK-8534,7439-92-1,primary,,0.001,150,mg/m3,,
TSI-DUSTTRAK-8534,7439-93-2,primary,,0.001,150,mg/m3,,
TSI-DUSTTRAK-8534,1309-48-4,primary,,0.001,150,mg/m3,,
TSI-DUSTTRAK-8534,7440-02-0,primary,,0.001,150,mg/m3,,
TSI-DUSTTRAK-8534,65996-93-2,primary,,0.001,150,mg/m3,,
TSI-DUSTTRAK-8534,87-86-5,primary,,0.001,150,mg/m3,,
TSI-DUSTTRAK-8534,7723-14-0,primary,,0.001,150,mg/m3,,
TSI-DUSTTRAK-8534,1314-56-3,primary,,0.001,150,mg/m3,,
TSI-DUSTTRAK-8534,1314-13-2,primary,,0.001,150,mg/m3,,
TSI-DUSTTRAK-8534,LOCAL-Particulate,primary,,0.001,150,mg/m3,,
TSI-SIDEPACK-AM520,7440-38-2,primary,,0.001,100,mg/m3,,
TSI-SIDEPACK-AM520,1332-21-4,primary,,0.001,100,mg/m3,,
TSI-SIDEPACK-AM520,7440-43-9,primary,,0.001,100,mg/m3,,
TSI-SIDEPACK-AM520,7440-47-3,primary,,0.001,100,mg/m3,,
TSI-SIDEPACK-AM520,7440-47-3,primary,,0.001,100,mg/m3,,
TSI-SIDEPACK-AM520,7440-47-3,primary,,0.001,100,mg/m3,,
TSI-SIDEPACK-AM520,18540-29-9,primary,,0.001,100,mg/m3,,
TSI-SIDEPACK-AM520,7738-94-5,primary,,0.001,100,mg/m3,,
TSI-SIDEPACK-AM520,7440-50-8,primary,,0.001,100,mg/m3,,
TSI-SIDEPACK-AM520,7439-92-1,primary,,0.001,100,mg/m3,,
TSI-SIDEPACK-AM520,7439-93-2,primary,,0.001,100,mg/m3,,
TSI-SIDEPACK-AM520,1309-48-4,primary,,0.001,100,mg/m3,,
TSI-SIDEPACK-AM520,7440-02-0,primary,,0.001,100,mg/m3,,
TSI-SIDEPACK-AM520,65996-93-2,primary,,0.001,100,mg/m3,,
TSI-SIDEPACK-AM520,87-86-5,primary,,0.001,100,mg/m3,,
TSI-SIDEPACK-AM520,7723-14-0,primary,,0.001,100,mg/m3,,
TSI-SIDEPACK-AM520,1314-56-3,primary,,0.001,100,mg/m3,,
TSI-SIDEPACK-AM520,1314-13-2,primary,,0.001,100,mg/m3,,
TSI-SIDEPACK-AM520,LOCAL-Particulate,primary,,0.001,100,mg/m3,,
THERMO-PDR-1000,7440-38-2,primary,,0.001,400,mg/m3,,
THERMO-PDR-1000,1332-21-4,primary,,0.001,400,mg/m3,,
THERMO-PDR-1000,7440-43-9,primary,,0.001,400,mg/m3,,
THERMO-PDR-1000,7440-47-3,primary,,0.001,400,mg/m3,,
THERMO-PDR-1000,7440-47-3,primary,,0.001,400,mg/m3,,
THERMO-PDR-1000,7440-47-3,primary,,0.001,400,mg/m3,,
THERMO-PDR-1000,18540-29-9,primary,,0.001,400,mg/m3,,
THERMO-PDR-1000,7738-94-5,primary,,0.001,400,mg/m3,,
THERMO-PDR-1000,7440-50-8,primary,,0.001,400,mg/m3,,
THERMO-PDR-1000,7439-92-1,primary,,0.001,400,mg/m3,,
THERMO-PDR-1000,7439-93-2,primary,,0.001,400,mg/m3,,
THERMO-PDR-1000,1309-48-4,primary,,0.001,400,mg/m3,,
THERMO-PDR-1000,7440-02-0,primary,,0.001,400,mg/m3,,
THERMO-PDR-1000,65996-93-2,primary,,0.001,400,mg/m3,,
THERMO-PDR-1000,87-86-5,primary,,0.001,400,mg/m3,,
THERMO-PDR-1000,7723-14-0,primary,,0.001,400,mg/m3,,
THERMO-PDR-1000,1314-56-3,primary,,0.001,400,mg/m3,,
THERMO-PDR-1000,1314-13-2,primary,,0.001,400,mg/m3,,
THERMO-PDR-1000,LOCAL-Particulate,primary,,0.001,400,mg/m3,,
LUDLUM-192,LOCAL-Radiation,primary,,TBD,TBD,TBD,,
LUDLUM-19,LOCAL-Radiation,primary,,TBD,TBD,TBD,,
BNC-SAM-950,LOCAL-Radiation,primary,,TBD,TBD,TBD,,
LUDLUM-44-9,LOCAL-Radiation,primary,,TBD,TBD,TBD,,
LUDLUM-44-2,LOCAL-Radiation,primary,,TBD,TBD,TBD,,
LUDLUM-43-90,LOCAL-Radiation,primary,,TBD,TBD,TBD,,
LUDLUM-133-7,LOCAL-Radiation,primary,,TBD,TBD,TBD,,
LUDLUM-43-90,LOCAL-Radiation-Alpha,primary,,TBD,TBD,TBD,,
LUDLUM-44-9,LOCAL-Radiation-Alpha,primary,,TBD,TBD,TBD,,
LUDLUM-44-9,LOCAL-Radiation-Beta,primary,,TBD,TBD,TBD,,
LUDLUM-133-7,LOCAL-Radiation-Gamma,primary,,TBD,TBD,TBD,,
LUDLUM-44-9,LOCAL-Radiation-Gamma,primary,,TBD,TBD,TBD,,
LUDLUM-44-2,LOCAL-Radiation-Gamma,primary,,TBD,TBD,TBD,,
LUDLUM-192,LOCAL-Radiation-Gamma,primary,,TBD,TBD,TBD,,
LUDLUM-19,LOCAL-Radiation-Gamma,primary,,TBD,TBD,TBD,,
BNC-SAM-950,LOCAL-Radiation-Gamma,primary,,TBD,TBD,TBD,,
RAE-PID-10.6PPB-A,67-64-1,primary,1.08,0,2000,ppm,,
RAE-PID-10.6PPB-A,7664-41-7,primary,11.1,0,2000,ppm,,
RAE-PID-10.6PPB-A,7784-42-1,primary,1.9,0,2000,ppm,,
RAE-PID-10.6PPB-A,71-43-2,primary,0.48,0,2000,ppm,,
RAE-PID-10.6PPB-A,7726-95-6,primary,1.3,0,2000,ppm,,
RAE-PID-10.6PPB-A,106-99-0,primary,0.73,0,2000,ppm,,
RAE-PID-10.6PPB-A,110-82-7,primary,1.4,0,2000,ppm,,
RAE-PID-10.6PPB-A,60-29-7,primary,1.1,0,2000,ppm,,
RAE-PID-10.6PPB-A,68334-30-5,primary,0.7,0,2000,ppm,,
RAE-PID-10.6PPB-A,64-17-5,primary,11.2,0,2000,ppm,,
RAE-PID-10.6PPB-A,141-78-6,primary,5.3,0,2000,ppm,,
RAE-PID-10.6PPB-A,100-41-4,primary,0.63,0,2000,ppm,,
RAE-PID-10.6PPB-A,75-21-8,primary,13,0,2000,ppm,,
RAE-PID-10.6PPB-A,8006-61-9,primary,1,0,2000,ppm,,
RAE-PID-10.6PPB-A,LOCAL-Leaded-Gasoline,primary,1,0,2000,ppm,,
RAE-PID-10.6PPB-A,142-82-5,primary,2.8,0,2000,ppm,,
RAE-PID-10.6PPB-A,110-54-3,primary,4.4,0,2000,ppm,,
RAE-PID-10.6PPB-A,10034-85-2,primary,0.6,0,2000,ppm,,
RAE-PID-10.6PPB-A,7783-06-4,primary,3.2,0,2000,ppm,,
RAE-PID-10.6PPB-A,7553-56-2,primary,0.1,0,2000,ppm,,
RAE-PID-10.6PPB-A,115-11-7,primary,1,0,2000,ppm,,
RAE-PID-10.6PPB-A,67-63-0,primary,4.8,0,2000,ppm,,
RAE-PID-10.6PPB-A,8008-20-6,primary,0.6-1.4,0,2000,ppm,,
RAE-PID-10.6PPB-A,74-83-9,primary,1.7,0,2000,ppm,,
RAE-PID-10.6PPB-A,78-93-3,primary,1.1,0,2000,ppm,,
RAE-PID-10.6PPB-A,65996-93-2,primary,0.42,0,2000,ppm,,
RAE-PID-10.6PPB-A,10102-43-9,primary,15.5,0,2000,ppm,,
RAE-PID-10.6PPB-A,10102-44-0,primary,16,0,2000,ppm,,
RAE-PID-10.6PPB-A,111-65-9,primary,2.19,0,2000,ppm,,
RAE-PID-10.6PPB-A,109-66-0,primary,7.4,0,2000,ppm,,
RAE-PID-10.6PPB-A,7803-51-2,primary,3.9,0,2000,ppm,,
RAE-PID-10.6PPB-A,115-07-1,primary,1.4,0,2000,ppm,,
RAE-PID-10.6PPB-A,100-42-5,primary,0.6,0,2000,ppm,,
RAE-PID-10.6PPB-A,79-01-6,primary,0.54,0,2000,ppm,,
RAE-PID-10.6PPB-A,8006-64-2,primary,0.6,0,2000,ppm,,
RAE-PID-10.6PPB-A,75-01-4,primary,2,0,2000,ppm,,
RAE-PID-10.6PPB-A,108-38-3,primary,0.44,0,2000,ppm,,
RAE-PID-10.6PPB-A,95-47-6,primary,0.46,0,2000,ppm,,
RAE-PID-10.6PPB-A,106-42-3,primary,0.39,0,2000,ppm,,
RAE-PID-10.6PPB-M,67-64-1,primary,1.08,0,2000,ppm,,
RAE-PID-10.6PPB-M,7664-41-7,primary,32.26,0,2000,ppm,,
RAE-PID-10.6PPB-M,7784-42-1,primary,1.9,0,2000,ppm,,
RAE-PID-10.6PPB-M,71-43-2,primary,0.48,0,2000,ppm,,
RAE-PID-10.6PPB-M,7726-95-6,primary,1.3,0,2000,ppm,,
RAE-PID-10.6PPB-M,106-99-0,primary,0.73,0,2000,ppm,,
RAE-PID-10.6PPB-M,110-82-7,primary,0.8,0,2000,ppm,,
RAE-PID-10.6PPB-M,60-29-7,primary,1.1,0,2000,ppm,,
RAE-PID-10.6PPB-M,68334-30-5,primary,0.7,0,2000,ppm,,
RAE-PID-10.6PPB-M,64-17-5,primary,11,0,2000,ppm,,
RAE-PID-10.6PPB-M,141-78-6,primary,4.5,0,2000,ppm,,
RAE-PID-10.6PPB-M,100-41-4,primary,0.77,0,2000,ppm,,
RAE-PID-10.6PPB-M,75-21-8,primary,13,0,2000,ppm,,
RAE-PID-10.6PPB-M,8006-61-9,primary,1,0,2000,ppm,,
RAE-PID-10.6PPB-M,LOCAL-Leaded-Gasoline,primary,1,0,2000,ppm,,
RAE-PID-10.6PPB-M,142-82-5,primary,2.8,0,2000,ppm,,
RAE-PID-10.6PPB-M,110-54-3,primary,3.4,0,2000,ppm,,
RAE-PID-10.6PPB-M,10034-85-2,primary,0.6,0,2000,ppm,,
RAE-PID-10.6PPB-M,7783-06-4,primary,3.3,0,2000,ppm,,
RAE-PID-10.6PPB-M,7553-56-2,primary,0.1,0,2000,ppm,,
RAE-PID-10.6PPB-M,115-11-7,primary,1,0,2000,ppm,,
RAE-PID-10.6PPB-M,67-63-0,primary,3.3,0,2000,ppm,,
RAE-PID-10.6PPB-M,8008-20-6,primary,0.6-1.2,0,2000,ppm,,
RAE-PID-10.6PPB-M,74-83-9,primary,1.7,0,2000,ppm,,
RAE-PID-10.6PPB-M,78-93-3,primary,1.2,0,2000,ppm,,
RAE-PID-10.6PPB-M,65996-93-2,primary,0.42,0,2000,ppm,,
RAE-PID-10.6PPB-M,10102-43-9,primary,6.3,0,2000,ppm,,
RAE-PID-10.6PPB-M,10102-44-0,primary,16,0,2000,ppm,,
RAE-PID-10.6PPB-M,111-65-9,primary,2.19,0,2000,ppm,,
RAE-PID-10.6PPB-M,109-66-0,primary,8.5,0,2000,ppm,,
RAE-PID-10.6PPB-M,7803-51-2,primary,3.5,0,2000,ppm,,
RAE-PID-10.6PPB-M,115-07-1,primary,1.4,0,2000,ppm,,
RAE-PID-10.6PPB-M,100-42-5,primary,0.6,0,2000,ppm,,
RAE-PID-10.6PPB-M,79-01-6,primary,0.54,0,2000,ppm,,
RAE-PID-10.6PPB-M,8006-64-2,primary,0.4,0,2000,ppm,,
RAE-PID-10.6PPB-M,75-01-4,primary,2,0,2000,ppm,,
RAE-PID-10.6PPB-M,108-38-3,primary,0.44,0,2000,ppm,,
RAE-PID-10.6PPB-M,95-47-6,primary,0.46,0,2000,ppm,,
RAE-PID-10.6PPB-M,106-42-3,primary,0.39,0,2000,ppm,,
DRAG-PID-HC10.6,67-64-1,primary,1.04,0,2000,ppm,,
DRAG-PID-HC10.6,7664-41-7,primary,18.4,0,10000,ppm,,
DRAG-PID-HC10.6,71-43-2,primary,0.5,0,1000,ppm,,
DRAG-PID-HC10.6,106-99-0,primary,0.69,0,1500,ppm,,
DRAG-PID-HC10.6,110-82-7,primary,1.4,0,2500,ppm,,
DRAG-PID-HC10.6,60-29-7,primary,1.2,0,2000,ppm,,
DRAG-PID-HC10.6,68334-30-5,primary,1,0,2000,ppm,,
DRAG-PID-HC10.6,64-17-5,primary,12.2,0,10000,ppm,,
DRAG-PID-HC10.6,141-78-6,primary,4.66,0,8000,ppm,,
DRAG-PID-HC10.6,100-41-4,primary,0.55,0,1000,ppm,,
DRAG-PID-HC10.6,74-85-1,primary,10.6,0,10000,ppm,,
DRAG-PID-HC10.6,8006-61-9,primary,1.21,0,2000,ppm,,
DRAG-PID-HC10.6,LOCAL-Leaded-Gasoline,primary,1.21,0,2000,ppm,,
DRAG-PID-HC10.6,142-82-5,primary,3.24,0,6500,ppm,,
DRAG-PID-HC10.6,110-54-3,primary,4.1,0,8000,ppm,,
DRAG-PID-HC10.6,7783-06-4,primary,3.82,0,8000,ppm,,
DRAG-PID-HC10.6,115-11-7,primary,1,0,2000,ppm,,
DRAG-PID-HC10.6,67-63-0,primary,6.5,0,10000,ppm,,
DRAG-PID-HC10.6,8008-20-6,primary,1,0,2000,ppm,,
DRAG-PID-HC10.6,74-83-9,primary,1.87,0,4000,ppm,,
DRAG-PID-HC10.6,78-93-3,primary,0.9,0,2000,ppm,,
DRAG-PID-HC10.6,111-65-9,primary,1.93,0,4000,ppm,,
DRAG-PID-HC10.6,109-66-0,primary,14.26,0,10000,ppm,,
DRAG-PID-HC10.6,7803-51-2,primary,3.94,0,8000,ppm,,
DRAG-PID-HC10.6,100-42-5,primary,0.44,0,800,ppm,,
DRAG-PID-HC10.6,127-18-4,primary,0.62,0,1500,ppm,,
DRAG-PID-HC10.6,79-01-6,primary,0.53,0,1000,ppm,,
DRAG-PID-HC10.6,75-01-4,primary,1.97,0,4000,ppm,,
TVA-2020-FID,67-64-1,primary,0.8,1,50000,ppm,,
TVA-2020-FID,107-13-1,primary,0.9,1,50000,ppm,,
TVA-2020-FID,71-43-2,primary,0.29,1,50000,ppm,,
TVA-2020-FID,106-97-8,primary,0.54,1,50000,ppm,,
TVA-2020-FID,110-82-7,primary,0.43,1,50000,ppm,,
TVA-2020-FID,64-17-5,primary,1.56,1,50000,ppm,,
TVA-2020-FID,74-85-1,primary,1.2,1,50000,ppm,,
TVA-2020-FID,141-78-6,primary,0.62,1,50000,ppm,,
TVA-2020-FID,100-41-4,primary,0.26,1,50000,ppm,,
TVA-2020-FID,110-54-3,primary,0.38,1,50000,ppm,,
TVA-2020-FID,115-11-7,primary,0.66,1,50000,ppm,,
TVA-2020-FID,115-07-1,primary,0.95,1,50000,ppm,,
TVA-2020-FID,100-42-5,primary,0.29,1,50000,ppm,,
TVA-2020-FID,108-88-3,primary,0.28,1,50000,ppm,,
TVA-2020-FID,75-01-4,primary,1.28,1,50000,ppm,,
TVA-2020-FID,95-47-6,primary,0.26,1,50000,ppm,,
TVA-2020-FID,106-42-3,primary,0.26,1,50000,ppm,,
TVA-2020-FID,108-38-3,primary,0.25,1,50000,ppm,,
TVA-2020-FID,74-82-8,primary,1,1,50000,ppm,,
TVA-2020-FID,8006-61-9,detectable,ND,1,50000,ppm,,
TVA-2020-FID,76-13-1,detectable,ND,1,50000,ppm,,
TVA-2020-FID,67-56-1,detectable,1,1,50000,ppm,,
TVA-2020-FID,50-00-0,detectable,ND,1,50000,ppm,,
TVA-2020-FID,78-93-3,detectable,ND,1,50000,ppm,,
TVA-2020-FID,74-98-6,detectable,ND,1,50000,ppm,,
TVA-2020-FID,127-18-4,detectable,ND,1,50000,ppm,,
TVA-2020-FID,79-01-6,detectable,ND,1,50000,ppm,,
TVA-2020-PID,7664-41-7,detectable,TBD,0,2000,ppm,,
TVA-2020-PID,71-43-2,detectable,TBD,0,2000,ppm,,
TVA-2020-PID,106-97-8,detectable,TBD,0,2000,ppm,,
TVA-2020-PID,110-82-7,detectable,TBD,0,2000,ppm,,
TVA-2020-PID,64-17-5,detectable,TBD,0,2000,ppm,,
TVA-2020-PID,100-41-4,detectable,TBD,0,2000,ppm,,
TVA-2020-PID,8006-61-9,detectable,TBD,0,2000,ppm,,
TVA-2020-PID,7783-06-4,detectable,TBD,0,2000,ppm,,
TVA-2020-PID,74-83-9,detectable,TBD,0,2000,ppm,,
TVA-2020-PID,78-93-3,detectable,TBD,0,2000,ppm,,
TVA-2020-PID,7803-51-2,detectable,TBD,0,2000,ppm,,
TVA-2020-PID,100-42-5,detectable,TBD,0,2000,ppm,,
TVA-2020-PID,127-18-4,detectable,TBD,0,2000,ppm,,
TVA-2020-PID,79-01-6,detectable,TBD,0,2000,ppm,,
TVA-2020-PID,75-01-4,detectable,TBD,0,2000,ppm,,
TVA-2020-PID,108-38-3,detectable,TBD,0,2000,ppm,,
TVA-2020-PID,95-47-6,detectable,TBD,0,2000,ppm,,
TVA-2020-PID,106-42-3,detectable,TBD,0,2000,ppm,,
JEROME-J505,7439-97-6,primary,,50,500000,ng/m3,,
LUMEX-RA915M,7439-97-6,primary,,2,200000,ng/m3,,
DRAGER-TUBE-AMMONIA,7664-41-7,primary,,0.25,3,ppm,,
DRAGER-TUBE-ARSENIC,7440-38-2,primary,,0,3,mg/m3,,
DRAGER-TUBE-BENZENE,71-43-2,primary,,0.5,10,ppm,,
DRAGER-TUBE-CO,630-08-0,primary,,2,300,ppm,,
DRAGER-TUBE-CHLORINE,7782-50-5,primary,,0.2,30,ppm,,
DRAGER-TUBE-CYCLOHEXANE,110-82-7,primary,,100,1500,ppm,,
DRAGER-TUBE-DIESEL,68334-30-5,primary,,25,200,mg/m3,,
DRAGER-TUBE-ETHANOL,64-17-5,primary,,25,2000,ppm,,
DRAGER-TUBE-FORMALDEHYDE,50-00-0,primary,,0.2,5,ppm,,
DRAGER-TUBE-HALOHYDROCARBON,76-13-1,primary,,100,2600,ppm,,
DRAGER-TUBE-HYDRAZINE,302-01-2,primary,,0.01,0.4,ppm,,
DRAGER-TUBE-HYDROCHLORICACID,7647-01-0,primary,,1,10,ppm,,
DRAGER-TUBE-HCN,74-90-8,primary,,2,150,ppm,,
DRAGER-TUBE-HF,7664-39-3,primary,,0.5,90,ppm,,
DRAGER-TUBE-H2,1333-74-0,primary,,0.2,2,%vol,,
DRAGER-TUBE-HPEROXIDE,7722-84-1,primary,,0.1,3,ppm,,
DRAGER-TUBE-H2S,7783-06-4,primary,,0.2,6,ppm,,
DRAGER-TUBE-IODINE,7553-56-2,primary,,0.1,6,ppm,,
DRAGER-TUBE-MERCURY,7439-97-6,primary,,0.05,2,ng/m3,,
DRAGER-TUBE-METHYLBROMIDE,74-83-9,primary,,0.5,30,ppm,,
DRAGER-TUBE-NO3,7697-37-2,primary,,1,50,ppm,,
DRAGER-TUBE-NO2,10102-44-0,primary,,0.5,25,ppm,,
DRAGER-TUBE-O2,7782-44-7,primary,,2,23,%vol,,
DRAGER-TUBE-CLO2,7790-98-9,primary,,0.025,3,ppm,,
DRAGER-TUBE-HCL,7790-98-9,primary,,1,10,ppm,,
DRAGER-TUBE-PHOSGENE,75-44-5,primary,,0.02,15,ppm,,
DRAGER-TUBE-PHOSPHINE,7803-51-2,primary,,0.1,1,ppm,,
DRAGER-TUBE-PHOSPHORICACID,7664-38-2,primary,,0.05,,ppm,Standard measuring range: 0.05 ppm Dichlorvos,
DRAGER-TUBE-PROPANE,74-98-6,primary,,1000,13000,ppm,,
DRAGER-TUBE-STYRENE,100-42-5,primary,,0.1,200,ppm,,
DRAGER-TUBE-SO2,7446-09-5,primary,,0.1,3,ppm,,
DRAGER-TUBE-H2SO4,7664-93-9,primary,,1,5,mg/m3,,
DRAGER-TUBE-TCE,79-01-6,primary,,2,50,ppm,,
DRAGER-TUBE-TOLUENE,108-88-3,primary,,5,1800,ppm,,
DRAGER-TUBE-VINYLCHLORIDE,75-01-4,primary,,2,50,ppm,,
DRAGER-TUBE-XYLENES,108-38-3,primary,,10,400,ppm,,
DRAGER-TUBE-XYLENES,95-47-6,primary,,10,400,ppm,,
DRAGER-TUBE-XYLENES,106-42-3,primary,,10,400,ppm,,
DRAGER-TUBE-PH,1310-73-2,primary,,Qualitative,,,"Response may give an indication of relative concentrations, but may not be quantitative.",
PH-PAPER,1310-73-2,primary,,0,14,,,
PH-PAPER,7664-93-9,primary,,0,14,,,
PH-PAPER,7697-37-2,primary,,0,14,,,
PH-PAPER,7664-39-3,primary,,0,14,,,
PH-PAPER,74-90-8,primary,,0,14,,,
PH-PAPER,7647-01-0,primary,,0,14,,,
PH-PAPER,10035-10-6,primary,,0,14,,,
PH-PAPER,10034-85-2,primary,,0,14,,,
